team,rank,av_age,gp,w,l,ol,pts,pts_perc,gf,ga,sow,sol,simp_rat_sys,strength_of_sched,goal_game,evgf,evga,pp,ppo,pp_perc,ppa,ppoa,pk_perc,sh,sha,pm_game,o_pm_game,shots,shot_percent,shots_against,sv_percent,pdo,year,playoff,champ,runner
Nashville Predators,1,28.4,82,53,18,11,117,0.713,267,211,6,7,0.71,0.03,5.83,193,145,58,274,21.17,54,299,81.94,10,5,11.3,9.6,2641,9.9,2659,0.923,101.6,2017,TRUE,FALSE,FALSE
Winnipeg Jets,2,26.8,82,52,20,10,114,0.695,277,218,4,2,0.74,0.02,6.04,200,159,64,274,23.36,50,274,81.75,9,7,8.5,8.6,2643,10.3,2613,0.917,101,2017,TRUE,FALSE,FALSE
Tampa Bay Lightning,3,27.5,82,54,23,5,113,0.689,296,236,6,2,0.66,-0.07,6.49,216,172,66,276,23.91,64,267,76.03,9,3,10.1,10.4,2737,10.7,2756,0.912,102,2017,TRUE,FALSE,FALSE
Boston Bruins,4,28.6,82,50,20,12,112,0.683,270,214,3,3,0.62,-0.07,5.9,197,161,61,258,23.64,40,245,83.67,9,10,9.5,9.6,2703,9.9,2399,0.912,100.2,2017,TRUE,FALSE,FALSE
Vegas Golden Knights,5,28,82,51,24,7,109,0.665,272,228,4,3,0.52,-0.01,6.1,218,182,53,248,21.37,44,237,81.43,8,5,7.1,7.8,2774,10.1,2619,0.911,100.5,2017,TRUE,FALSE,TRUE
Washington Capitals,6,28.4,82,49,26,7,105,0.64,259,239,3,1,0.21,-0.04,6.07,197,178,55,244,22.54,53,269,80.3,4,8,9.9,9.3,2400,10.7,2637,0.909,101.4,2017,TRUE,TRUE,FALSE
Toronto Maple Leafs,7,28.3,82,49,26,7,105,0.64,277,232,7,2,0.49,-0.06,6.21,213,189,56,224,25,43,231,81.39,4,5,7.4,7.1,2700,10.1,2844,0.915,101.6,2017,TRUE,FALSE,FALSE
Anaheim Ducks,8,28.7,82,44,25,13,101,0.616,235,216,4,7,0.24,0.01,5.5,183,159,38,214,17.76,46,274,83.21,10,4,10,8.6,2475,9.3,2716,0.923,101.2,2017,TRUE,FALSE,FALSE
Minnesota Wild,9,29.5,82,45,26,11,101,0.616,253,232,3,3,0.29,0.04,5.91,194,176,49,240,20.42,51,272,81.25,7,6,8.4,7.7,2506,10,2595,0.91,100.7,2017,TRUE,FALSE,FALSE
Pittsburgh Penguins,10,27.7,82,47,29,6,100,0.61,272,250,2,2,0.23,-0.04,6.37,198,195,68,260,26.15,53,265,80,6,3,9.6,9.2,2845,9.6,2575,0.902,98.5,2017,TRUE,FALSE,FALSE
San Jose Sharks,11,28.8,82,45,27,10,100,0.61,252,229,5,3,0.28,0,5.87,188,191,53,257,20.62,34,224,84.82,8,3,7.8,8.1,2744,9.1,2521,0.909,99.3,2017,TRUE,FALSE,FALSE
Philadelphia Flyers,12,27.4,82,42,26,14,98,0.598,251,243,2,7,0.07,-0.03,6.02,196,176,54,261,20.69,54,223,75.78,3,10,8.7,9.3,2683,9.5,2506,0.903,100.3,2017,TRUE,FALSE,FALSE
Los Angeles Kings,13,29.1,82,45,29,8,98,0.598,239,203,2,1,0.44,0,5.39,183,159,49,240,20.42,39,260,85,5,4,9,8.3,2544,9.3,2537,0.92,101,2017,TRUE,FALSE,FALSE
Columbus Blue Jackets,14,26.4,82,45,30,7,97,0.591,242,230,6,4,0.11,-0.04,5.76,195,170,39,227,17.18,51,214,76.17,4,7,7,7.4,2796,8.5,2612,0.912,100.2,2017,TRUE,FALSE,FALSE
New Jersey Devils,15,27.7,82,44,29,9,97,0.591,248,244,5,4,0.02,-0.03,6,178,190,54,252,21.43,47,258,81.78,12,6,8.6,8.4,2626,9.3,2654,0.908,99.7,2017,TRUE,FALSE,FALSE
Florida Panthers,16,27.8,82,44,30,8,96,0.585,248,246,3,3,-0.01,-0.04,6.02,188,193,47,249,18.88,45,227,80.18,10,5,11,11.7,2822,8.7,2838,0.914,100,2017,FALSE,FALSE,FALSE
Colorado Avalanche,17,26.4,82,43,30,9,95,0.579,257,237,2,1,0.28,0.04,6.02,188,183,65,296,21.96,45,269,83.27,7,13,9.2,10,2489,10.5,2809,0.914,101.3,2017,TRUE,FALSE,FALSE
St. Louis Blues,18,28.5,82,44,32,6,94,0.573,226,222,3,0,0.1,0.05,5.46,180,166,38,246,15.45,47,231,79.65,5,9,7.7,8.2,2677,8.3,2438,0.909,100,2017,FALSE,FALSE,FALSE
Dallas Stars,19,28.5,82,42,32,8,92,0.561,235,225,4,3,0.17,0.04,5.61,177,158,47,244,19.26,54,281,80.78,7,10,10.1,9.6,2560,9,2447,0.909,100.3,2017,FALSE,FALSE,FALSE
Calgary Flames,20,28.4,82,37,35,10,84,0.512,218,248,2,5,-0.33,0.03,5.68,166,187,43,269,15.99,49,269,81.78,7,7,11.1,11.2,2759,7.8,2554,0.905,98.9,2017,FALSE,FALSE,FALSE
Carolina Hurricanes,21,27,82,36,35,11,83,0.506,228,256,3,3,-0.35,-0.01,5.9,178,204,44,239,18.41,43,191,77.49,3,6,6.2,7.1,2780,8.1,2367,0.893,98.2,2017,FALSE,FALSE,FALSE
New York Islanders,22,28.4,82,35,37,10,80,0.488,264,296,3,3,-0.4,-0.01,6.83,198,219,58,250,23.2,63,235,73.19,5,11,7.8,8.1,2572,10.1,2918,0.9,100.4,2017,FALSE,FALSE,FALSE
Edmonton Oilers,23,26.8,82,36,40,6,78,0.476,234,263,5,1,-0.32,0.03,6.06,187,200,31,210,14.76,57,245,76.73,11,5,9.2,7.6,2740,8.4,2634,0.901,99.4,2017,FALSE,FALSE,FALSE
New York Rangers,24,28.7,82,34,39,9,77,0.47,231,268,3,5,-0.46,-0.01,6.09,172,212,51,241,21.16,46,247,81.38,5,5,8,8,2538,9,2898,0.909,99.8,2017,FALSE,FALSE,FALSE
Chicago Blackhawks,25,28,82,33,39,10,76,0.463,229,256,1,2,-0.26,0.07,5.91,180,198,43,269,15.99,49,236,79.24,5,7,7.5,8.9,2793,8.2,2697,0.906,99.1,2017,FALSE,FALSE,FALSE
Vancouver Canucks,26,28.2,82,31,40,11,73,0.445,218,264,0,5,-0.51,0.05,5.88,158,189,53,247,21.46,60,276,78.26,7,10,8.7,8,2464,8.8,2641,0.902,99.4,2017,FALSE,FALSE,FALSE
Detroit Red Wings,27,30.2,82,30,39,13,73,0.445,217,255,5,1,-0.48,-0.01,5.76,162,191,41,234,17.52,58,259,77.61,9,5,8.9,8.3,2490,8.5,2613,0.903,99.5,2017,FALSE,FALSE,FALSE
Montreal Canadiens,28,27.8,82,29,40,13,71,0.433,209,264,2,6,-0.68,0,5.77,148,184,52,244,21.31,68,263,74.14,7,6,8.6,8.8,2687,7.7,2650,0.903,98.7,2017,FALSE,FALSE,FALSE
Arizona Coyotes,29,26.5,82,29,41,12,70,0.427,208,256,2,5,-0.53,0.05,5.66,163,195,41,243,16.87,46,224,79.46,2,10,7.8,8.3,2450,8.4,2642,0.905,99.5,2017,FALSE,FALSE,FALSE
Ottawa Senators,30,29.3,82,28,43,11,67,0.409,221,291,2,7,-0.85,0,6.24,174,222,41,248,16.53,56,235,76.17,4,6,8.1,8.4,2515,8.7,2712,0.895,98.8,2017,FALSE,FALSE,FALSE
Buffalo Sabres,31,27.1,82,25,45,12,62,0.378,199,280,1,2,-0.98,0.01,5.84,140,216,49,257,19.07,52,235,77.87,9,10,8.2,8.8,2557,7.7,2681,0.896,98,2017,FALSE,FALSE,FALSE
League Average,,28,82,41,31,10,92,0.558,244,244,,,0,0,5.94,,,50,250,20.18,50,250,79.82,7,7,8.7,8.7,2636,9.2,2638,0.908,,2017,FALSE,FALSE,FALSE
Washington Capitals,1,28.4,82,55,19,8,118,0.72,263,182,2,5,0.99,0,5.43,199,130,57,248,22.98,44,272,83.82,5,3,9.1,8.7,2495,10.5,2282,0.922,102.5,2016,TRUE,FALSE,FALSE
Pittsburgh Penguins,2,28.7,82,50,21,11,111,0.677,282,234,4,5,0.59,0.01,6.29,213,151,60,260,23.08,52,257,79.77,5,7,8.6,7.9,2745,10.1,2393,0.915,101,2016,TRUE,TRUE,FALSE
Chicago Blackhawks,3,29.4,82,50,23,9,109,0.665,244,213,4,1,0.32,-0.06,5.57,197,155,42,233,18.03,47,211,77.73,1,7,7.1,7.7,2508,9.6,2548,0.918,101.3,2016,TRUE,FALSE,FALSE
Columbus Blue Jackets,4,26.2,82,50,24,8,108,0.659,249,195,2,2,0.68,0.02,5.41,195,152,42,211,19.91,39,223,82.51,10,2,8.7,8.6,2540,9.7,2489,0.922,101.2,2016,TRUE,FALSE,FALSE
Minnesota Wild,5,28.3,82,49,25,8,106,0.646,266,208,3,2,0.63,-0.08,5.78,211,154,47,224,20.98,37,217,82.95,5,3,8.2,7.7,2527,10.4,2203,0.914,101.5,2016,TRUE,FALSE,FALSE
Anaheim Ducks,6,27.6,82,46,23,13,105,0.64,223,200,3,3,0.24,-0.04,5.16,164,143,47,251,18.73,43,281,84.7,9,7,11.4,9.7,2425,9.1,2286,0.917,100.7,2016,TRUE,FALSE,FALSE
Montreal Canadiens,7,28.8,82,47,26,9,103,0.628,226,200,3,2,0.31,-0.01,5.2,173,145,45,230,19.57,47,249,81.12,5,6,9.3,7.9,2459,9.1,2429,0.918,100.7,2016,TRUE,FALSE,FALSE
Edmonton Oilers,8,26.7,82,47,26,9,103,0.628,247,212,4,5,0.37,-0.06,5.6,183,150,56,245,22.86,43,223,80.72,4,5,9,8.7,2547,9.5,2228,0.915,100.9,2016,TRUE,FALSE,FALSE
New York Rangers,9,28.3,82,48,28,6,102,0.622,256,220,3,4,0.47,0.03,5.8,197,158,47,232,20.26,45,224,79.91,9,5,7.2,7.5,2438,10.4,2304,0.911,101,2016,TRUE,FALSE,FALSE
St. Louis Blues,10,28,82,46,29,7,99,0.604,235,218,2,2,0.17,-0.04,5.52,180,162,50,235,21.28,40,263,84.79,3,5,9,7.8,2330,10,2187,0.906,100.7,2016,TRUE,FALSE,FALSE
San Jose Sharks,11,29.6,82,46,29,7,99,0.604,221,201,2,1,0.21,-0.03,5.15,171,130,41,246,16.67,41,212,80.66,7,6,7.8,7.2,2453,8.9,1992,0.915,100.3,2016,TRUE,FALSE,FALSE
Ottawa Senators,12,28.8,82,44,28,10,98,0.598,212,214,6,4,-0.01,0.01,5.2,156,147,43,254,16.93,50,247,79.76,7,3,10.3,9.6,2463,8.4,2350,0.915,99.7,2016,TRUE,FALSE,FALSE
Toronto Maple Leafs,13,26.2,82,40,27,15,95,0.579,251,242,1,8,0.11,0,6.01,186,177,57,244,23.36,44,251,82.47,6,7,9.7,9.8,2617,9.6,2611,0.913,100.5,2016,TRUE,FALSE,FALSE
Boston Bruins,14,28.8,82,44,31,7,95,0.579,234,212,2,3,0.27,0,5.44,169,165,53,244,21.72,38,266,85.71,10,6,10.1,9.8,2721,8.5,2194,0.905,98.4,2016,TRUE,FALSE,FALSE
Tampa Bay Lightning,15,26.8,82,42,30,10,94,0.573,234,227,4,3,0.09,0.01,5.62,164,150,62,272,22.79,48,258,81.4,4,8,10.7,10.7,2452,9.4,2239,0.912,99.8,2016,FALSE,FALSE,FALSE
New York Islanders,16,28.4,82,41,29,12,94,0.573,241,242,2,4,0.03,0.05,5.89,199,190,35,234,14.96,40,227,82.38,5,7,7.9,7.9,2480,9.6,2616,0.909,100.6,2016,FALSE,FALSE,FALSE
Nashville Predators,17,27.9,82,41,29,12,94,0.573,240,224,2,4,0.16,-0.04,5.66,177,168,49,259,18.92,46,241,80.91,12,6,10.2,10.7,2557,9.3,2472,0.911,100.4,2016,TRUE,FALSE,TRUE
Calgary Flames,18,28.3,82,45,33,4,94,0.573,226,221,4,2,0.02,-0.04,5.45,162,163,52,258,20.16,51,277,81.59,8,5,11.7,10.7,2388,9.3,2354,0.907,99.7,2016,TRUE,FALSE,FALSE
Philadelphia Flyers,19,27.6,82,39,33,10,88,0.537,219,236,7,5,-0.17,0.04,5.55,154,172,54,277,19.49,50,247,79.76,4,9,10.3,11.1,2585,8.2,2334,0.901,98.5,2016,FALSE,FALSE,FALSE
Winnipeg Jets,20,26.1,82,40,35,7,87,0.53,249,256,3,1,-0.11,-0.03,6.16,188,175,48,264,18.18,62,275,77.45,10,9,10.2,9.3,2448,10,2448,0.901,99.9,2016,FALSE,FALSE,FALSE
Carolina Hurricanes,21,26.8,82,36,31,15,87,0.53,215,236,3,6,-0.21,0.05,5.5,161,192,41,231,17.75,32,202,84.16,10,6,5.8,6.6,2493,8.5,2320,0.901,98.8,2016,FALSE,FALSE,FALSE
Los Angeles Kings,22,29.1,82,39,35,8,86,0.524,201,205,2,4,-0.07,-0.02,4.95,148,157,46,241,19.09,38,245,84.49,5,3,9.2,9,2553,7.8,1999,0.902,98.5,2016,FALSE,FALSE,FALSE
Florida Panthers,23,28.6,82,35,36,11,81,0.494,210,237,5,6,-0.3,0.03,5.45,152,187,45,265,16.98,36,245,85.31,8,8,9.9,9.9,2644,7.8,2595,0.911,98.9,2016,FALSE,FALSE,FALSE
Dallas Stars,24,28.5,82,34,37,11,79,0.482,223,262,1,2,-0.48,-0.01,5.91,171,160,46,257,17.9,65,249,73.9,5,11,9.9,8.6,2505,8.9,2178,0.896,99.5,2016,FALSE,FALSE,FALSE
Detroit Red Wings,25,28.4,82,33,36,13,79,0.482,207,244,9,0,-0.41,0.04,5.5,157,190,38,252,15.08,45,235,80.85,3,9,8.8,9.2,2335,8.5,2507,0.903,99.6,2016,FALSE,FALSE,FALSE
Buffalo Sabres,26,26.4,82,33,37,12,78,0.476,201,237,2,6,-0.41,0.03,5.34,139,172,57,233,24.46,53,237,77.64,3,4,9,8.5,2491,8,2781,0.918,99.4,2016,FALSE,FALSE,FALSE
Arizona Coyotes,27,27.3,82,30,42,10,70,0.427,197,260,6,2,-0.76,0.01,5.57,145,177,38,235,16.17,59,260,77.31,8,7,9.9,7.6,2281,8.4,2592,0.907,99.8,2016,FALSE,FALSE,FALSE
New Jersey Devils,28,28.1,82,28,40,14,70,0.427,183,244,3,3,-0.67,0.08,5.21,130,164,44,251,17.53,53,261,79.69,6,12,10,8.8,2279,7.9,2440,0.907,99,2016,FALSE,FALSE,FALSE
Vancouver Canucks,29,28.8,82,30,43,9,69,0.421,182,243,4,2,-0.73,0.01,5.18,144,183,32,227,14.1,52,223,76.68,2,6,7.9,7.9,2273,7.8,2605,0.907,99.5,2016,FALSE,FALSE,FALSE
Colorado Avalanche,30,27.6,82,22,56,4,48,0.293,166,278,1,2,-1.32,0.05,5.41,130,210,30,239,12.55,64,274,76.64,5,2,9.4,8.2,2303,7.2,2603,0.894,97.4,2016,FALSE,FALSE,FALSE
League Average,,28,82,41,31,10,92,0.559,227,227,,,0,0,5.53,,,47,245,19.1,47,245,80.9,6,6,9.2,8.8,2478,9.2,2386,0.91,,2016,FALSE,FALSE,FALSE
Washington Capitals,1,27.9,82,56,18,8,120,0.732,252,193,4,2,0.7,-0.02,5.43,191,148,55,251,21.91,38,256,85.16,2,5,9.2,8.9,2510,9.9,2332,0.918,101.1,2015,TRUE,FALSE,FALSE
Dallas Stars,2,28.9,82,50,23,9,109,0.665,267,230,2,2,0.45,-0.01,6.06,197,154,58,262,22.14,44,248,82.26,10,15,8.8,7.9,2624,10.1,2123,0.905,99.8,2015,TRUE,FALSE,FALSE
St. Louis Blues,3,28,82,49,24,9,107,0.652,224,201,5,4,0.28,0,5.18,164,151,51,237,21.52,41,276,85.14,4,5,10.5,9.2,2474,8.9,2439,0.919,100.1,2015,TRUE,FALSE,FALSE
Pittsburgh Penguins,4,29,82,48,26,8,104,0.634,245,203,4,4,0.5,-0.01,5.46,182,150,48,261,18.39,40,257,84.44,11,5,8.5,8.7,2722,8.9,2348,0.919,100.5,2015,TRUE,TRUE,FALSE
Anaheim Ducks,5,27.4,82,46,25,11,103,0.628,218,192,3,4,0.27,-0.05,5,152,146,56,245,22.86,37,290,87.24,7,3,12.5,10.5,2483,8.7,2177,0.915,99.2,2015,TRUE,FALSE,FALSE
Florida Panthers,6,29.2,82,47,26,9,103,0.628,239,203,7,3,0.42,-0.02,5.39,180,138,47,278,16.91,55,268,79.48,5,5,10.4,10.2,2358,9.8,2391,0.918,101.7,2015,TRUE,FALSE,FALSE
Chicago Blackhawks,7,28.6,82,47,26,9,103,0.628,235,209,1,2,0.32,0,5.41,167,158,57,252,22.62,46,233,80.26,10,3,7.5,8.6,2498,9.4,2526,0.918,99.6,2015,TRUE,FALSE,FALSE
Los Angeles Kings,8,28.3,82,48,28,6,102,0.622,225,195,2,3,0.32,-0.04,5.12,171,136,47,235,20,53,285,81.4,5,3,10.6,9.1,2625,8.5,2254,0.915,99.8,2015,TRUE,FALSE,FALSE
New York Rangers,9,29.6,82,46,27,9,101,0.616,236,217,3,2,0.24,0.01,5.52,188,152,42,226,18.58,53,243,78.19,3,5,8.6,7.7,2336,10,2383,0.913,102.1,2015,TRUE,FALSE,FALSE
New York Islanders,10,27.9,82,45,27,10,100,0.61,232,216,5,5,0.19,0,5.46,178,169,43,229,18.78,36,232,84.48,7,6,8.8,9.2,2412,9.4,2495,0.915,100.6,2015,TRUE,FALSE,FALSE
San Jose Sharks,11,29.1,82,46,30,6,98,0.598,241,210,4,3,0.33,-0.05,5.5,169,132,62,275,22.55,46,236,80.51,6,7,8.9,10.1,2491,9.5,1942,0.909,100,2015,TRUE,FALSE,TRUE
Tampa Bay Lightning,12,27.3,82,46,31,5,97,0.591,227,201,3,3,0.3,-0.02,5.22,173,142,44,279,15.77,41,257,84.05,7,7,9.9,10.4,2402,9.3,2278,0.917,100.8,2015,TRUE,FALSE,FALSE
Philadelphia Flyers,13,28.1,82,41,27,14,96,0.585,214,218,3,8,-0.03,0.02,5.27,155,147,53,280,18.93,51,262,80.53,3,8,11.8,11.8,2540,8.3,2456,0.917,100.4,2015,TRUE,FALSE,FALSE
Nashville Predators,14,28.4,82,41,27,14,96,0.585,228,215,4,2,0.17,0.01,5.4,166,160,51,259,19.69,46,245,81.22,7,2,9.9,9.4,2507,8.9,2165,0.904,99.5,2015,TRUE,FALSE,FALSE
Boston Bruins,15,28.8,82,42,31,9,93,0.567,240,230,4,2,0.11,-0.02,5.73,179,176,48,234,20.51,48,270,82.22,9,4,11.4,10.4,2620,9,2490,0.908,100.1,2015,FALSE,FALSE,FALSE
Detroit Red Wings,16,28.7,82,41,30,11,93,0.567,211,224,2,5,-0.16,0,5.3,157,165,50,266,18.8,50,271,81.55,2,4,8.8,9.1,2432,8.6,2439,0.91,99.7,2015,TRUE,FALSE,FALSE
Minnesota Wild,17,28,82,38,33,11,87,0.53,216,206,3,2,0.13,0.01,5.15,158,133,48,259,18.53,45,204,77.94,7,6,6.6,6.9,2374,9,2050,0.914,100.6,2015,TRUE,FALSE,FALSE
Carolina Hurricanes,18,27,82,35,31,16,86,0.524,198,226,2,5,-0.31,0.03,5.17,153,159,40,238,16.81,32,204,84.31,3,5,6.9,7,2451,8,2021,0.905,98.6,2015,FALSE,FALSE,FALSE
Ottawa Senators,19,27,82,38,35,9,85,0.518,236,247,6,6,-0.13,0.01,5.89,175,174,38,239,15.9,61,253,75.89,17,3,10.9,10.8,2325,9.9,2599,0.91,101,2015,FALSE,FALSE,FALSE
New Jersey Devils,20,27.9,82,38,36,8,84,0.512,184,208,2,6,-0.28,0.02,4.78,126,134,51,256,19.92,45,264,82.95,5,8,9.9,8.4,2003,9.1,2125,0.915,99.6,2015,FALSE,FALSE,FALSE
Montreal Canadiens,21,28,82,38,38,6,82,0.5,221,236,5,3,-0.18,0,5.57,166,176,42,259,16.22,46,254,81.89,8,11,9.4,9.9,2504,8.6,2408,0.903,99.4,2015,FALSE,FALSE,FALSE
Colorado Avalanche,22,28.3,82,39,39,4,82,0.5,216,240,4,0,-0.26,0.03,5.56,157,180,48,266,18.05,51,258,80.23,7,9,9.4,9.4,2348,9,2649,0.909,100.5,2015,FALSE,FALSE,FALSE
Buffalo Sabres,23,26.2,82,35,36,11,81,0.494,201,222,2,7,-0.25,0.01,5.16,145,155,48,254,18.9,38,218,82.57,6,6,9.1,9,2418,8.2,2264,0.914,99.2,2015,FALSE,FALSE,FALSE
Arizona Coyotes,24,27.6,82,35,39,8,78,0.476,209,245,1,1,-0.43,0.01,5.54,151,152,53,300,17.67,69,304,77.3,4,14,12.3,10.7,2265,9.2,2375,0.902,100.6,2015,FALSE,FALSE,FALSE
Winnipeg Jets,25,26.8,82,35,39,8,78,0.476,215,239,3,3,-0.26,0.03,5.54,164,164,38,257,14.79,61,282,78.37,10,4,11.2,9.9,2427,8.7,2325,0.903,99.7,2015,FALSE,FALSE,FALSE
Calgary Flames,26,27.7,82,35,40,7,77,0.47,231,260,2,3,-0.36,-0.01,5.99,173,193,46,270,17.04,57,234,75.64,10,7,9.2,9.5,2398,9.5,2377,0.892,99.4,2015,FALSE,FALSE,FALSE
Columbus Blue Jackets,27,26.5,82,34,40,8,76,0.463,219,252,6,4,-0.38,0.03,5.74,167,187,43,248,17.34,53,279,81,3,8,12.1,10.7,2387,8.9,2550,0.903,99.8,2015,FALSE,FALSE,FALSE
Vancouver Canucks,28,28.9,82,31,38,13,75,0.457,191,243,5,4,-0.62,0.02,5.29,143,184,39,247,15.79,47,249,81.12,4,8,10,10,2311,8,2668,0.91,99.4,2015,FALSE,FALSE,FALSE
Edmonton Oilers,29,26.4,82,31,43,8,70,0.427,203,245,4,3,-0.51,0,5.46,151,165,43,237,18.14,49,254,80.71,5,6,9.7,8.3,2386,8.3,2275,0.906,98.8,2015,FALSE,FALSE,FALSE
Toronto Maple Leafs,30,27.4,82,29,42,11,69,0.421,198,246,6,6,-0.56,0.03,5.41,149,156,40,259,15.44,50,272,81.62,3,8,9.2,7.8,2515,7.6,2110,0.902,98.4,2015,FALSE,FALSE,FALSE
League Average,,28,82,41,32,9,91,0.556,222,222,,,0,0,5.42,,,48,255,18.66,48,255,81.34,6,6,9.7,9.3,2438,9.1,2334,0.91,,2015,FALSE,FALSE,FALSE
New York Rangers,1,29.4,82,53,22,7,113,0.689,252,192,4,5,0.69,-0.04,5.41,200,131,39,232,16.81,37,235,84.26,9,6,8.7,7.7,2582,9.6,2191,0.922,101.7,2014,TRUE,FALSE,FALSE
Montreal Canadiens,2,28.4,82,50,22,10,110,0.671,221,189,7,5,0.36,-0.03,5,167,138,40,242,16.53,42,257,83.66,7,4,10.2,9.3,2334,9.2,2470,0.926,101.3,2014,TRUE,FALSE,FALSE
St. Louis Blues,3,28.3,82,51,24,7,109,0.665,248,201,9,4,0.59,0.02,5.48,181,150,56,251,22.31,42,257,83.66,2,5,11,10.6,2535,9.4,2233,0.912,100.3,2014,TRUE,FALSE,FALSE
Anaheim Ducks,4,27,82,51,24,7,109,0.665,236,226,8,5,0.1,-0.03,5.63,182,163,37,236,15.68,52,274,81.02,9,6,10.8,9.8,2458,9.3,2367,0.907,100.2,2014,TRUE,FALSE,FALSE
Tampa Bay Lightning,5,26.9,82,50,24,8,108,0.659,262,211,3,5,0.57,-0.06,5.77,199,150,53,282,18.79,42,257,83.66,7,6,9.9,9.9,2428,10.7,2137,0.91,100.8,2014,TRUE,FALSE,TRUE
Nashville Predators,6,28.4,82,47,25,10,104,0.634,232,208,6,6,0.33,0.03,5.37,180,152,42,259,16.22,45,234,80.77,4,5,8.5,9.3,2614,8.6,2317,0.913,101,2014,TRUE,FALSE,FALSE
Chicago Blackhawks,7,29.3,82,48,28,6,102,0.622,229,189,9,3,0.51,0.02,5.1,171,123,46,260,17.69,35,211,83.41,3,7,7.3,7.3,2777,7.9,2127,0.925,100.3,2014,TRUE,TRUE,FALSE
Vancouver Canucks,8,29.4,82,48,29,5,101,0.616,242,222,6,2,0.2,-0.05,5.66,184,156,46,238,19.33,38,266,85.71,6,2,10.9,8.4,2453,9.6,1993,0.907,99.5,2014,TRUE,FALSE,FALSE
New York Islanders,9,27.3,82,47,28,7,101,0.616,252,230,7,6,0.26,-0.01,5.88,185,170,50,267,18.73,48,217,77.88,10,3,8.5,9.3,2771,8.8,2301,0.904,99.4,2014,TRUE,FALSE,FALSE
Washington Capitals,10,28.1,82,45,26,11,101,0.616,242,203,5,4,0.44,-0.03,5.43,173,145,60,237,25.32,50,266,81.2,4,4,10.5,10.4,2419,9.8,2368,0.916,100.3,2014,TRUE,FALSE,FALSE
Detroit Red Wings,11,28.9,82,43,25,14,100,0.61,235,221,4,10,0.14,-0.03,5.56,158,148,70,294,23.81,55,288,80.9,3,8,8.8,9.7,2429,9.5,2322,0.909,100,2014,TRUE,FALSE,FALSE
Minnesota Wild,12,27.7,82,46,28,8,100,0.61,231,201,4,3,0.39,0.03,5.27,184,157,39,246,15.85,32,234,86.32,4,3,8.9,8.8,2522,9,2182,0.912,100.2,2014,TRUE,FALSE,FALSE
Winnipeg Jets,13,27.3,82,43,26,13,99,0.604,230,210,7,6,0.29,0.04,5.37,165,125,48,269,17.84,56,308,81.82,10,5,13,10.1,2439,9.1,2141,0.917,100.8,2014,TRUE,FALSE,FALSE
Ottawa Senators,14,26.9,82,43,26,13,99,0.604,238,215,6,7,0.25,-0.04,5.52,179,149,47,280,16.79,44,257,82.88,6,8,10.3,10.9,2539,9.1,2550,0.922,101,2014,TRUE,FALSE,FALSE
Pittsburgh Penguins,15,29.5,82,43,27,12,98,0.598,221,210,4,6,0.12,-0.01,5.26,162,149,49,254,19.29,42,277,84.84,6,11,13.7,11.9,2594,8.4,2374,0.915,100,2014,TRUE,FALSE,FALSE
Calgary Flames,16,28.2,82,45,30,7,97,0.591,241,216,4,3,0.26,-0.05,5.57,183,171,48,255,18.82,36,186,80.65,6,3,7.6,8.8,2252,10.5,2332,0.91,100.8,2014,TRUE,FALSE,FALSE
Boston Bruins,17,28.3,82,41,27,14,96,0.585,213,211,4,10,0.01,-0.01,5.17,163,148,38,213,17.84,44,244,81.97,8,3,9.5,8.2,2546,8.2,2377,0.918,100.1,2014,FALSE,FALSE,FALSE
Los Angeles Kings,18,28.5,82,40,27,15,95,0.579,220,205,2,8,0.16,-0.03,5.18,164,143,47,247,19.03,45,236,80.93,7,2,9.1,8.8,2536,8.6,2130,0.911,100.2,2014,FALSE,FALSE,FALSE
Dallas Stars,19,28.5,82,41,31,10,92,0.561,261,260,4,3,0.06,0.05,6.35,193,178,55,290,18.97,49,254,80.71,9,7,9.6,9.6,2558,10,2148,0.895,99.8,2014,FALSE,FALSE,FALSE
Florida Panthers,20,29.2,82,38,29,15,91,0.555,206,223,8,10,-0.23,-0.02,5.23,157,155,40,246,16.26,50,250,80,1,6,8.9,8.9,2516,7.9,2397,0.913,99.6,2014,FALSE,FALSE,FALSE
Colorado Avalanche,21,28.6,82,39,31,12,90,0.549,219,227,10,4,-0.04,0.06,5.44,168,184,37,247,14.98,37,241,84.65,4,2,9.4,9.6,2286,9.1,2719,0.918,101.1,2014,FALSE,FALSE,FALSE
San Jose Sharks,22,28.5,82,40,33,9,89,0.543,228,232,4,6,-0.08,-0.03,5.61,165,165,55,254,21.65,48,223,78.48,4,5,9.3,8.9,2591,8.6,2277,0.906,99.2,2014,FALSE,FALSE,FALSE
Columbus Blue Jackets,23,27,82,42,35,5,89,0.543,236,250,9,2,-0.16,0.01,5.93,169,183,53,244,21.72,60,303,80.2,5,5,11.9,11,2366,9.6,2742,0.91,99.8,2014,FALSE,FALSE,FALSE
Philadelphia Flyers,24,28.6,82,33,31,18,84,0.512,215,234,3,11,-0.23,0,5.48,149,156,60,256,23.44,61,266,77.07,3,6,10.2,9.2,2413,8.8,2481,0.91,100.4,2014,FALSE,FALSE,FALSE
New Jersey Devils,25,30.5,82,32,36,14,78,0.476,181,216,5,7,-0.4,0.02,4.84,128,134,41,212,19.34,52,268,80.6,7,8,9.3,7.2,2008,8.8,2340,0.921,100.7,2014,FALSE,FALSE,FALSE
Carolina Hurricanes,26,27.9,82,30,41,11,71,0.433,188,226,5,7,-0.44,0.02,5.05,136,185,45,240,18.75,29,190,84.74,2,4,6.7,8.1,2524,7.3,2220,0.902,97.6,2014,FALSE,FALSE,FALSE
Toronto Maple Leafs,27,27.7,82,30,44,8,68,0.415,211,262,5,5,-0.61,0.02,5.77,154,185,45,283,15.9,52,266,80.45,7,12,10,10.2,2397,8.6,2567,0.905,99.4,2014,FALSE,FALSE,FALSE
Edmonton Oilers,28,27.2,82,24,44,14,62,0.378,198,283,5,7,-1.01,0.03,5.87,148,213,41,232,17.67,51,219,76.71,4,7,8.3,8.4,2331,8.3,2409,0.889,97.6,2014,FALSE,FALSE,FALSE
Arizona Coyotes,29,28.5,82,24,50,8,56,0.341,170,272,5,5,-1.2,0.04,5.39,115,181,46,230,20,65,279,76.7,4,7,9.5,8.1,2393,6.9,2600,0.903,97.5,2014,FALSE,FALSE,FALSE
Buffalo Sabres,30,26.9,82,23,51,8,54,0.329,161,274,8,5,-1.33,0.05,5.3,116,172,30,224,13.39,64,257,75.1,7,8,10.4,8.6,1984,7.7,2598,0.911,99.5,2014,FALSE,FALSE,FALSE
League Average,,28.2,82,41,31,10,92,0.562,224,224,,,0,0,5.46,,,47,251,18.66,47,251,81.34,6,6,9.7,9.2,2453,9.1,2347,0.911,,2014,FALSE,FALSE,FALSE
Boston Bruins,1,27.6,82,54,19,9,117,0.713,261,177,3,6,0.92,-0.11,5.34,199,119,50,230,21.74,43,263,83.65,9,6,10.8,9.7,2612,9.9,2350,0.929,102.1,2013,TRUE,FALSE,FALSE
Anaheim Ducks,2,27.7,82,54,20,8,116,0.707,266,209,3,6,0.68,-0.01,5.79,209,147,44,275,16,48,270,82.22,10,8,10.9,12.6,2569,10.2,2353,0.914,102,2013,TRUE,FALSE,FALSE
Colorado Avalanche,3,26.9,82,52,22,8,112,0.683,250,220,5,4,0.4,0.04,5.73,192,166,50,252,19.84,48,249,80.72,3,1,10.9,10.3,2420,10.1,2610,0.918,101.5,2013,TRUE,FALSE,FALSE
San Jose Sharks,4,28.7,82,51,22,9,111,0.677,249,200,10,7,0.6,0,5.48,181,146,50,291,17.18,33,219,84.93,8,6,9,10.7,2851,8.4,2177,0.917,99.7,2013,TRUE,FALSE,FALSE
St. Louis Blues,5,27.4,82,52,23,7,111,0.677,248,191,9,3,0.71,0.01,5.35,177,140,56,283,19.79,42,293,85.67,6,6,14.2,14.2,2402,10,2163,0.913,100.6,2013,TRUE,FALSE,FALSE
Pittsburgh Penguins,6,28.3,82,51,24,7,109,0.665,249,207,7,3,0.47,-0.04,5.56,173,160,65,278,23.38,38,254,85.04,4,6,10.1,10.9,2454,9.9,2358,0.913,100.1,2013,TRUE,FALSE,FALSE
Chicago Blackhawks,7,27.5,82,46,21,15,107,0.652,267,220,6,8,0.6,0.02,5.94,202,138,50,257,19.46,46,248,81.45,9,6,8.5,7.8,2715,9.6,1977,0.905,99.9,2013,TRUE,FALSE,FALSE
Tampa Bay Lightning,8,27.1,82,46,27,9,101,0.616,240,215,8,6,0.25,-0.06,5.55,172,141,50,270,18.52,52,270,80.74,10,8,10.3,9.5,2446,9.5,2247,0.913,100.5,2013,TRUE,FALSE,FALSE
Montreal Canadiens,9,28.3,82,46,28,8,100,0.61,215,204,6,3,0.08,-0.05,5.11,155,137,48,279,17.2,43,289,85.12,6,8,13,11.1,2330,9,2311,0.921,100.5,2013,TRUE,FALSE,FALSE
Los Angeles Kings,10,27.4,82,46,28,8,100,0.61,206,174,8,6,0.4,0.01,4.63,150,112,43,284,15.14,50,296,83.11,5,6,10.7,10.9,2595,7.6,2086,0.92,100.1,2013,TRUE,TRUE,FALSE
Minnesota Wild,11,27.2,82,43,27,12,98,0.598,207,206,8,8,0.07,0.05,5.04,150,135,45,252,17.86,53,250,78.8,4,8,9.5,9.4,2180,9.1,2176,0.91,101,2013,TRUE,FALSE,FALSE
New York Rangers,12,27.4,82,45,31,6,96,0.585,218,193,4,3,0.26,-0.04,5.01,156,141,48,264,18.18,34,232,85.34,10,7,10,9.9,2719,7.9,2290,0.921,99.8,2013,TRUE,FALSE,TRUE
Philadelphia Flyers,13,27.7,82,42,30,10,94,0.573,236,235,3,8,-0.01,-0.02,5.74,167,157,58,294,19.73,48,316,84.81,8,11,14.4,12.9,2490,9.4,2342,0.909,100.2,2013,TRUE,FALSE,FALSE
Detroit Red Wings,14,28.6,82,39,28,15,93,0.567,222,230,5,9,-0.14,-0.04,5.51,164,166,50,282,17.73,50,295,83.05,3,5,8.8,8.6,2456,8.8,2400,0.908,100.2,2013,TRUE,FALSE,FALSE
Columbus Blue Jackets,15,26.1,82,43,32,7,93,0.567,231,216,5,2,0.16,-0.03,5.45,163,156,54,280,19.29,50,280,82.14,9,8,11.1,11,2431,9.3,2524,0.915,100.7,2013,TRUE,FALSE,FALSE
Dallas Stars,16,28.2,82,40,31,11,91,0.555,235,228,4,5,0.14,0.05,5.65,177,158,46,290,15.86,49,263,81.37,8,5,11,11.1,2597,8.9,2345,0.91,100.3,2013,TRUE,FALSE,FALSE
Washington Capitals,17,26.5,82,38,30,14,90,0.549,235,240,10,11,-0.08,-0.02,5.79,152,168,68,291,23.37,51,284,82.04,5,10,11.7,12.4,2412,9.3,2750,0.917,100.2,2013,FALSE,FALSE,FALSE
Phoenix Coyotes,18,28.7,82,37,30,15,89,0.543,216,231,6,7,-0.16,0.03,5.45,150,143,56,282,19.86,57,272,79.04,3,5,9.9,8.7,2497,8.4,2223,0.912,100.2,2013,FALSE,FALSE,FALSE
Nashville Predators,19,26.7,82,38,32,12,88,0.537,216,242,2,9,-0.25,0.07,5.59,166,169,46,239,19.25,47,238,80.25,2,0,9.9,8.7,2382,9,2215,0.905,99.2,2013,FALSE,FALSE,FALSE
New Jersey Devils,20,30.6,82,35,29,18,88,0.537,197,208,0,13,-0.15,-0.02,4.94,141,132,47,241,19.5,36,264,86.36,9,4,8,7.1,2199,9,1810,0.908,98.8,2013,FALSE,FALSE,FALSE
Ottawa Senators,21,26.6,82,37,31,14,88,0.537,236,265,7,7,-0.37,-0.02,6.11,174,182,50,271,18.45,61,320,80.94,5,10,13.3,11.5,2691,8.5,2767,0.909,99.6,2013,FALSE,FALSE,FALSE
Winnipeg Jets,22,26.3,82,37,35,10,84,0.512,227,237,8,6,-0.07,0.06,5.66,174,155,40,259,15.44,49,291,83.16,5,6,11.9,9.5,2516,8.7,2193,0.909,99.4,2013,FALSE,FALSE,FALSE
Toronto Maple Leafs,23,26.2,82,38,36,8,84,0.512,231,256,9,4,-0.34,-0.04,5.94,165,176,50,252,19.84,58,268,78.36,7,12,12.7,11.4,2290,9.7,2822,0.913,101,2013,FALSE,FALSE,FALSE
Carolina Hurricanes,24,27,82,36,35,11,83,0.506,207,230,2,4,-0.29,-0.01,5.33,153,174,41,281,14.59,44,241,81.74,11,8,7.9,9,2561,8,2537,0.911,99.4,2013,FALSE,FALSE,FALSE
Vancouver Canucks,25,28.6,82,36,35,11,83,0.506,196,223,5,7,-0.3,0.03,5.11,146,152,39,257,15.18,46,274,83.21,6,4,13.6,11.3,2527,7.6,2156,0.908,99.4,2013,FALSE,FALSE,FALSE
New York Islanders,26,26.2,82,34,37,11,79,0.482,225,267,9,6,-0.51,0,6,159,196,49,276,17.75,58,265,78.11,8,7,12.4,11.5,2537,8.5,2464,0.894,98.6,2013,FALSE,FALSE,FALSE
Calgary Flames,27,26.7,82,35,40,7,77,0.47,209,241,7,3,-0.35,0.04,5.49,151,188,39,249,15.66,43,235,81.7,12,7,10.5,10.6,2199,9.2,2345,0.899,98.9,2013,FALSE,FALSE,FALSE
Edmonton Oilers,28,26.5,82,29,44,9,67,0.409,203,270,4,3,-0.75,0.07,5.77,149,196,46,271,16.97,50,280,82.14,4,13,11.8,11.8,2208,9,2665,0.903,99.2,2013,FALSE,FALSE,FALSE
Florida Panthers,29,29,82,29,45,8,66,0.402,196,268,8,6,-0.87,0.01,5.66,153,193,27,269,10.04,63,262,75.95,8,6,10.3,10.9,2451,7.7,2551,0.897,98.5,2013,FALSE,FALSE,FALSE
Buffalo Sabres,30,26.6,82,21,51,10,52,0.317,157,248,7,5,-1.09,0.02,4.94,109,175,36,256,14.06,51,274,81.39,5,5,11,9.8,2156,7,2611,0.913,98.4,2013,FALSE,FALSE,FALSE
League Average,,27.5,82,41,31,10,92,0.562,225,225,,,0,0,5.49,,,48,269,17.89,48,269,82.11,7,7,10.9,10.5,2463,9.1,2361,0.911,,2013,FALSE,FALSE,FALSE
Chicago Blackhawks,1,26.8,48,36,7,5,77,0.802,155,102,6,5,1.04,-0.07,5.35,119,72,25,150,16.67,18,141,87.23,5,5,9.2,9.8,1494,10,1199,0.922,101.7,2012,TRUE,TRUE,FALSE
Pittsburgh Penguins,2,29,48,36,12,0,72,0.75,165,119,3,0,0.91,-0.05,5.92,118,82,42,170,24.71,34,167,79.64,2,3,11.7,12.1,1438,11.3,1403,0.915,102.5,2012,TRUE,FALSE,FALSE
Anaheim Ducks,3,28.8,48,30,12,6,66,0.688,140,118,6,3,0.43,-0.02,5.38,100,80,29,135,21.48,30,162,81.48,5,5,11.1,9.5,1347,9.9,1340,0.914,101.5,2012,TRUE,FALSE,FALSE
Montreal Canadiens,4,27.8,48,29,14,5,63,0.656,149,126,3,2,0.46,-0.02,5.73,104,87,42,203,20.69,35,173,79.77,0,2,13.3,14.9,1468,9.9,1293,0.904,100.9,2012,TRUE,FALSE,FALSE
Boston Bruins,5,27.8,48,28,14,6,62,0.646,131,109,4,3,0.44,-0.02,5,104,75,18,122,14.75,21,163,87.12,5,2,12.2,8.7,1557,8.2,1205,0.92,100.5,2012,TRUE,FALSE,TRUE
St. Louis Blues,6,26.3,48,29,17,2,60,0.625,129,115,5,1,0.31,0.02,5.08,92,86,29,149,19.46,23,150,84.67,3,5,11.1,11.3,1336,9.3,1161,0.902,99.4,2012,TRUE,FALSE,FALSE
Los Angeles Kings,7,26.5,48,27,16,5,59,0.615,133,118,2,4,0.29,-0.02,5.23,96,81,33,166,19.88,27,161,83.23,2,1,10,9.3,1431,9.2,1065,0.9,99.2,2012,TRUE,FALSE,FALSE
Vancouver Canucks,8,28.2,48,26,15,7,59,0.615,127,121,5,6,0.07,-0.06,5.17,94,85,26,165,15.76,27,169,84.02,2,3,12.7,13.1,1350,9,1389,0.917,100.4,2012,TRUE,FALSE,FALSE
Toronto Maple Leafs,9,26,48,26,17,5,57,0.594,145,133,0,5,0.27,0.02,5.79,113,91,31,166,18.67,19,157,87.9,1,4,16.2,12.3,1264,11.5,1375,0.919,102.5,2012,TRUE,FALSE,FALSE
Washington Capitals,10,26.6,48,27,18,3,57,0.594,149,130,3,0,0.31,-0.09,5.81,99,90,44,164,26.83,36,163,77.91,3,4,10.8,11.5,1350,10.8,1551,0.916,101.2,2012,TRUE,FALSE,FALSE
San Jose Sharks,11,28.9,48,25,16,7,57,0.594,124,116,8,4,0.17,0.01,5,79,82,34,169,20.12,22,147,85.03,3,4,10.9,10.9,1526,7.6,1332,0.919,99.7,2012,TRUE,FALSE,FALSE
Ottawa Senators,12,27.4,48,25,17,6,56,0.583,116,104,4,4,0.27,0.02,4.58,85,79,25,157,15.92,20,167,88.02,2,1,13.6,13.8,1591,7,1502,0.933,99.6,2012,TRUE,FALSE,FALSE
Detroit Red Wings,13,28.2,48,24,16,8,56,0.583,124,115,2,5,0.2,0.01,4.98,85,75,34,185,18.38,30,164,81.71,3,5,9.8,11.5,1447,8.4,1322,0.917,100.2,2012,TRUE,FALSE,FALSE
New York Rangers,14,27.2,48,26,18,4,56,0.583,130,112,4,4,0.38,0,5.04,97,73,24,153,15.69,28,148,81.08,5,4,9.3,9.5,1483,8.5,1319,0.92,100.8,2012,TRUE,FALSE,FALSE
Columbus Blue Jackets,15,26.3,48,24,17,7,55,0.573,120,119,5,4,0.03,0.01,4.98,90,88,22,155,14.19,25,144,82.64,3,2,12.6,12.8,1283,9,1436,0.92,101.2,2012,FALSE,FALSE,FALSE
Minnesota Wild,16,27.8,48,26,19,3,55,0.573,122,127,4,2,-0.16,-0.05,5.19,90,99,27,151,17.88,26,135,80.74,1,0,11.4,11.8,1382,8.5,1299,0.904,98.9,2012,TRUE,FALSE,FALSE
New York Islanders,17,28.7,48,24,17,7,55,0.573,139,139,4,3,0.03,0.03,5.79,102,108,31,156,19.87,28,142,80.28,2,0,9.6,10.3,1485,9.1,1352,0.899,99.1,2012,TRUE,FALSE,FALSE
Phoenix Coyotes,18,28.4,48,21,18,9,51,0.531,125,131,4,6,-0.1,0.03,5.33,94,80,25,169,14.79,34,169,79.88,2,2,10.5,8.7,1482,8.2,1314,0.914,100.2,2012,FALSE,FALSE,FALSE
Winnipeg Jets,19,26.4,48,24,21,3,51,0.531,128,144,2,3,-0.36,-0.03,5.67,105,110,20,145,13.79,28,138,79.71,1,3,11.1,10.5,1389,9.1,1424,0.901,99.6,2012,FALSE,FALSE,FALSE
Philadelphia Flyers,20,27.9,48,23,22,3,49,0.51,133,141,1,2,-0.14,0.03,5.71,93,85,37,171,21.64,26,184,85.87,2,3,15.7,12.6,1394,9.5,1094,0.902,99.1,2012,FALSE,FALSE,FALSE
Buffalo Sabres,21,27.3,48,21,21,6,48,0.5,125,143,7,4,-0.31,0.07,5.58,88,94,23,163,14.11,37,178,79.21,7,7,13.1,12,1339,8.8,1546,0.911,100.5,2012,FALSE,FALSE,FALSE
New Jersey Devils,22,30.8,48,19,19,10,48,0.5,112,129,2,7,-0.31,0.04,5.02,71,79,28,176,15.91,32,169,81.07,11,6,10.6,10.8,1362,8,1070,0.894,97.8,2012,FALSE,FALSE,FALSE
Dallas Stars,23,28.2,48,22,22,4,48,0.5,130,142,2,1,-0.21,0.05,5.67,97,92,29,171,16.96,34,179,81.01,2,3,13,11.7,1261,10.2,1317,0.904,101.1,2012,FALSE,FALSE,FALSE
Edmonton Oilers,24,26.4,48,19,22,7,45,0.469,125,134,2,3,-0.22,-0.03,5.4,85,98,34,169,20.12,29,175,83.43,4,1,10.8,10.9,1285,9.6,1521,0.917,100.6,2012,FALSE,FALSE,FALSE
Calgary Flames,25,29,48,19,25,4,42,0.438,128,160,0,3,-0.65,0.02,6,91,127,31,155,20,28,151,81.46,6,2,10.8,9.9,1293,9.9,1412,0.889,97.9,2012,FALSE,FALSE,FALSE
Carolina Hurricanes,26,26.9,48,19,25,4,42,0.438,128,160,1,1,-0.65,0.02,6,100,107,24,165,14.55,36,161,77.64,3,4,11.2,9,1545,8.2,1420,0.899,98.7,2012,FALSE,FALSE,FALSE
Nashville Predators,27,27.3,48,16,23,9,41,0.427,111,139,2,6,-0.5,0.09,5.21,84,89,24,140,17.14,34,139,75.54,1,4,9.8,9.4,1244,8.8,1255,0.902,99.7,2012,FALSE,FALSE,FALSE
Tampa Bay Lightning,28,27.7,48,18,26,4,40,0.417,148,150,1,3,-0.11,-0.07,6.21,116,113,31,163,19.02,30,155,80.65,0,4,12,13,1323,11.1,1451,0.899,101,2012,FALSE,FALSE,FALSE
Colorado Avalanche,29,26.7,48,16,25,7,39,0.406,116,152,2,2,-0.73,0.02,5.58,90,108,21,140,15,36,183,80.33,3,3,12.5,9.2,1415,8.1,1443,0.899,98.6,2012,FALSE,FALSE,FALSE
Florida Panthers,30,27.8,48,15,27,6,36,0.375,112,171,3,1,-1.18,0.05,5.9,76,122,29,142,20.42,39,151,74.17,4,1,11.3,10,1400,7.8,1419,0.887,96.6,2012,FALSE,FALSE,FALSE
League Average,,27.6,48,24,19,5,53,0.556,131,131,,,0,0,5.44,,,29,160,18.22,29,160,81.78,3,3,11.6,11,1399,9.3,1341,0.909,,2012,FALSE,FALSE,FALSE
Vancouver Canucks,1,28.5,82,51,22,9,111,0.677,249,198,8,7,0.57,-0.05,5.45,177,139,57,288,19.79,40,286,86.01,7,4,12.8,12.1,2583,9.3,2428,0.926,101.2,2011,TRUE,FALSE,FALSE
New York Rangers,2,26.5,82,51,24,7,109,0.665,226,187,4,5,0.46,-0.02,5.04,170,142,44,280,15.71,36,260,86.15,8,4,12.9,14.5,2338,9.5,2281,0.92,100.9,2011,TRUE,FALSE,FALSE
St. Louis Blues,3,26.5,82,49,22,11,109,0.665,210,165,4,10,0.54,-0.01,4.57,154,112,45,269,16.73,40,282,85.82,7,3,13,12.1,2511,8.2,2190,0.929,100.7,2011,TRUE,FALSE,FALSE
Pittsburgh Penguins,4,28.5,82,51,25,6,108,0.659,282,221,9,3,0.71,-0.03,6.13,205,175,57,289,19.72,33,270,87.78,11,10,10.7,12.3,2779,9.8,2247,0.903,99.8,2011,TRUE,FALSE,FALSE
Nashville Predators,5,26.8,82,48,26,8,104,0.634,237,210,5,5,0.34,0.01,5.45,173,153,54,250,21.6,40,244,83.61,5,4,8.4,7.9,2261,10.3,2322,0.918,101,2011,TRUE,FALSE,FALSE
Philadelphia Flyers,6,27.3,82,47,26,9,103,0.628,264,232,4,7,0.39,0,6.05,188,141,66,335,19.7,58,319,81.82,6,9,16.1,13.9,2641,9.8,2074,0.905,100.4,2011,TRUE,FALSE,FALSE
Detroit Red Wings,7,30,82,48,28,6,102,0.622,248,203,9,3,0.55,0,5.5,189,139,48,298,16.11,50,274,81.75,2,11,8.5,10.4,2638,9.1,2212,0.91,101.2,2011,TRUE,FALSE,FALSE
New Jersey Devils,8,30.1,82,48,28,6,102,0.622,228,209,12,4,0.23,0,5.33,155,145,46,267,17.23,27,259,89.58,15,13,11.5,8.9,2253,9.6,1918,0.908,99.7,2011,TRUE,FALSE,TRUE
Boston Bruins,9,28.8,82,49,29,4,102,0.622,269,202,9,3,0.75,-0.07,5.74,209,149,43,250,17.2,43,260,83.46,8,1,13.5,10.4,2653,9.8,2283,0.919,101.2,2011,TRUE,FALSE,FALSE
Chicago Blackhawks,10,27,82,45,26,11,101,0.616,248,238,7,7,0.14,0.02,5.93,192,152,42,277,15.16,51,233,78.11,7,3,10.3,10.1,2583,9.3,2035,0.902,99.2,2011,TRUE,FALSE,FALSE
Phoenix Coyotes,11,28.9,82,42,27,13,97,0.591,216,204,6,10,0.16,0.01,5.12,170,150,34,251,13.55,36,249,85.54,6,6,9.2,9.5,2428,8.6,2557,0.925,100.9,2011,TRUE,FALSE,FALSE
San Jose Sharks,12,28.1,82,43,29,10,96,0.585,228,210,9,5,0.22,0,5.34,159,126,57,270,21.11,52,225,76.89,3,4,9.6,10.1,2773,7.9,2099,0.916,99.6,2011,TRUE,FALSE,FALSE
Los Angeles Kings,13,26.7,82,40,27,15,95,0.579,194,179,6,9,0.19,0.01,4.55,130,127,49,289,16.96,38,293,87.03,9,2,11.3,10.8,2509,7.5,2163,0.923,99.1,2011,TRUE,TRUE,FALSE
Florida Panthers,14,29,82,38,26,18,94,0.573,203,227,6,11,-0.33,-0.03,5.24,140,153,53,286,18.53,49,239,79.5,4,6,9.7,10.2,2433,8.1,2375,0.914,99.4,2011,TRUE,FALSE,FALSE
Ottawa Senators,15,27.8,82,41,31,10,92,0.561,249,240,6,4,0.09,-0.02,5.96,185,172,49,270,18.15,57,310,81.61,9,7,14,12.2,2574,9.4,2627,0.91,100.1,2011,TRUE,FALSE,FALSE
Washington Capitals,16,27.6,82,42,32,8,92,0.561,222,230,4,4,-0.13,-0.03,5.51,174,167,41,245,16.73,49,266,81.58,3,10,9.4,8.3,2295,9.5,2475,0.909,100.4,2011,TRUE,FALSE,FALSE
Calgary Flames,17,29.6,82,37,29,16,90,0.549,202,226,3,9,-0.28,0.01,5.22,150,166,46,260,17.69,42,268,84.33,3,6,10.8,10.4,2258,8.8,2483,0.914,100.3,2011,FALSE,FALSE,FALSE
Dallas Stars,18,28.4,82,42,35,5,89,0.543,211,222,7,4,-0.1,0.03,5.28,166,153,33,244,13.52,52,303,82.84,5,3,12.6,9.4,2314,8.8,2253,0.91,99.8,2011,FALSE,FALSE,FALSE
Buffalo Sabres,19,27,82,39,32,11,89,0.543,218,230,7,7,-0.15,0,5.46,162,162,44,258,17.05,47,257,81.71,5,7,11,11.7,2397,8.8,2501,0.914,100.6,2011,FALSE,FALSE,FALSE
Colorado Avalanche,20,25.9,82,41,35,6,88,0.537,208,220,9,2,-0.13,0.01,5.22,153,150,41,223,18.39,47,277,83.03,5,4,11,8.8,2583,7.7,2270,0.912,99.2,2011,FALSE,FALSE,FALSE
Tampa Bay Lightning,21,29.5,82,38,36,8,84,0.512,235,281,3,3,-0.57,-0.01,6.29,189,194,41,269,15.24,59,284,79.23,2,12,10.5,9.8,2227,10.4,2340,0.887,100.1,2011,FALSE,FALSE,FALSE
Winnipeg Jets,22,26.2,82,37,35,10,84,0.512,225,246,4,4,-0.3,-0.04,5.74,173,176,45,251,17.93,58,292,80.14,3,8,11,9.7,2471,8.9,2470,0.902,99.8,2011,FALSE,FALSE,FALSE
Carolina Hurricanes,23,26.5,82,33,33,16,82,0.5,213,243,1,6,-0.39,-0.02,5.56,150,184,49,294,16.67,49,252,80.56,12,4,9.3,10.9,2497,8.5,2653,0.911,99.5,2011,FALSE,FALSE,FALSE
Minnesota Wild,24,27.4,82,35,36,11,81,0.494,177,226,11,9,-0.58,0.02,4.91,122,158,39,258,15.12,51,285,82.11,5,4,12.1,12.2,2174,7.6,2513,0.915,98.9,2011,FALSE,FALSE,FALSE
Anaheim Ducks,25,28.5,82,34,36,12,80,0.488,204,231,3,7,-0.29,0.04,5.3,152,168,45,271,16.61,51,283,81.98,4,5,12,11.2,2291,8.8,2367,0.905,99.6,2011,FALSE,FALSE,FALSE
Toronto Maple Leafs,26,25.9,82,35,37,10,80,0.488,231,264,4,5,-0.38,0.02,6.04,173,195,49,267,18.35,55,242,77.27,5,6,10,10.3,2322,9.8,2499,0.898,99.5,2011,FALSE,FALSE,FALSE
New York Islanders,27,27.8,82,34,37,11,79,0.482,203,255,7,4,-0.58,0.05,5.59,147,200,45,243,18.52,46,236,80.51,4,5,9.3,9,2410,8.1,2469,0.898,98.2,2011,FALSE,FALSE,FALSE
Montreal Canadiens,28,26.8,82,31,35,16,78,0.476,212,226,5,12,-0.17,0,5.34,154,156,43,301,14.29,36,315,88.57,10,8,11.6,10.6,2340,8.8,2178,0.912,100.4,2011,FALSE,FALSE,FALSE
Edmonton Oilers,29,27.4,82,32,40,10,74,0.451,212,239,5,7,-0.32,0.01,5.5,148,170,54,262,20.61,52,296,82.43,5,8,11.5,10,2186,9.5,2493,0.909,100.1,2011,FALSE,FALSE,FALSE
Columbus Blue Jackets,30,26.7,82,29,46,7,65,0.396,202,262,4,5,-0.65,0.08,5.66,142,176,49,317,15.46,64,274,76.64,7,8,12.6,13.1,2454,8.1,2387,0.899,99.2,2011,FALSE,FALSE,FALSE
League Average,,27.7,82,41,31,10,92,0.561,224,224,,,0,0,5.47,,,47,271,17.31,47,271,82.69,6,6,11.2,10.7,2439,9.2,2339,0.911,,2011,FALSE,FALSE,FALSE
Vancouver Canucks,1,28.1,82,54,19,9,117,0.713,262,185,4,5,0.87,-0.07,5.45,180,133,72,296,24.32,45,312,85.58,6,2,11.5,11.2,2624,9.8,2470,0.927,101.3,2010,TRUE,FALSE,TRUE
Washington Capitals,2,25.9,82,48,23,11,107,0.652,224,197,5,6,0.27,-0.06,5.13,166,143,46,263,17.49,43,299,85.62,7,5,11.3,10.6,2566,8.5,2375,0.92,100.2,2010,TRUE,FALSE,FALSE
Philadelphia Flyers,3,27.6,82,47,23,12,106,0.646,259,223,3,7,0.4,-0.04,5.88,194,149,49,295,16.61,54,313,82.75,13,5,13.6,12.7,2605,9.8,2361,0.912,101.1,2010,TRUE,FALSE,FALSE
Pittsburgh Penguins,4,27.4,82,49,25,8,106,0.646,238,199,10,3,0.43,-0.05,5.33,166,145,49,311,15.76,45,324,86.11,13,6,16.9,16.5,2581,8.8,2352,0.917,100.1,2010,TRUE,FALSE,FALSE
San Jose Sharks,5,27.9,82,48,25,9,105,0.64,248,213,5,5,0.44,0.02,5.62,169,139,68,290,23.45,56,273,79.49,6,7,11.3,11.7,2832,8.6,2268,0.913,100.2,2010,TRUE,FALSE,FALSE
Detroit Red Wings,6,30.7,82,47,25,10,104,0.634,261,241,4,4,0.27,0.03,6.12,185,177,67,301,22.26,53,300,82.33,5,7,9.2,9.5,2757,9.3,2514,0.906,99.6,2010,TRUE,FALSE,FALSE
Tampa Bay Lightning,7,29,82,46,25,11,103,0.628,247,240,6,6,0.04,-0.05,5.94,171,147,69,336,20.54,49,302,83.77,1,16,11,10.5,2605,9.3,2102,0.904,99.2,2010,TRUE,FALSE,FALSE
Boston Bruins,8,28.3,82,46,25,11,103,0.628,246,195,2,6,0.56,-0.07,5.38,190,127,43,266,16.17,46,265,82.64,11,5,13.6,13.4,2696,9.1,2557,0.931,102.1,2010,TRUE,TRUE,FALSE
Phoenix Coyotes,9,29,82,43,26,13,99,0.604,231,226,5,6,0.11,0.05,5.57,175,150,46,289,15.92,64,296,78.38,5,6,10.5,10.1,2486,9.1,2673,0.918,101.1,2010,TRUE,FALSE,FALSE
Nashville Predators,10,26.7,82,44,27,11,99,0.604,219,194,6,4,0.31,0.01,5.04,167,126,41,269,15.24,41,272,84.93,5,2,8.8,7.2,2361,9,2127,0.923,101.5,2010,TRUE,FALSE,FALSE
Anaheim Ducks,11,28.9,82,47,30,5,99,0.604,239,235,4,2,0.09,0.05,5.78,161,163,67,285,23.51,57,305,81.31,7,7,14.4,12.8,2334,10.1,2492,0.911,100.1,2010,TRUE,FALSE,FALSE
Los Angeles Kings,12,26.3,82,46,30,6,98,0.598,219,198,10,2,0.29,0.03,5.09,158,133,47,291,16.15,40,276,85.51,4,6,11.7,9.9,2363,8.8,2016,0.915,100.4,2010,TRUE,TRUE,FALSE
Chicago Blackhawks,13,26.7,82,44,29,9,97,0.591,258,225,6,5,0.41,0.01,5.89,182,135,64,277,23.1,53,255,79.22,6,4,9,8.1,2637,9.6,2032,0.909,100,2010,TRUE,FALSE,FALSE
Montreal Canadiens,14,27.6,82,44,30,8,96,0.585,216,209,3,3,0.05,-0.04,5.18,151,136,57,290,19.66,51,327,84.4,5,6,13.3,11.4,2602,8.2,2279,0.916,99.7,2010,TRUE,FALSE,FALSE
Buffalo Sabres,15,27.5,82,43,29,10,96,0.585,245,229,5,1,0.15,-0.04,5.78,184,154,54,279,19.35,51,300,83,2,13,11.7,10.6,2690,8.9,2348,0.908,100.2,2010,TRUE,FALSE,FALSE
Dallas Stars,16,28,82,42,29,11,95,0.579,227,233,5,7,-0.02,0.05,5.61,157,152,55,306,17.97,55,277,80.14,10,15,13,13.6,2269,9.8,2435,0.91,101,2010,FALSE,FALSE,FALSE
Calgary Flames,17,30,82,41,29,12,94,0.573,250,237,9,7,0.14,-0.02,5.94,172,168,62,318,19.5,53,282,81.21,7,9,10.2,11.2,2501,9.6,2338,0.902,100.1,2010,FALSE,FALSE,FALSE
New York Rangers,18,26.2,82,44,33,5,93,0.567,233,198,9,3,0.37,-0.06,5.26,164,148,49,290,16.9,42,257,83.66,11,5,13.1,14.6,2453,9.1,2410,0.919,100.6,2010,TRUE,FALSE,FALSE
Carolina Hurricanes,19,26.6,82,40,31,11,91,0.555,236,239,5,5,-0.08,-0.04,5.79,169,171,55,346,15.9,51,272,81.25,7,6,10.2,12.3,2517,9.2,2612,0.913,100.4,2010,FALSE,FALSE,FALSE
St. Louis Blues,20,25.7,82,38,33,11,87,0.53,240,234,4,6,0.11,0.04,5.78,177,176,52,279,18.64,51,279,81.72,7,1,14.9,15.5,2475,9.5,2274,0.9,99.5,2010,FALSE,FALSE,FALSE
Minnesota Wild,21,28.9,82,39,35,8,86,0.524,206,233,3,5,-0.3,0.03,5.35,143,164,53,292,18.15,53,309,82.85,7,7,12,12.1,2148,9.5,2594,0.914,100.3,2010,FALSE,FALSE,FALSE
Toronto Maple Leafs,22,25.7,82,37,34,11,85,0.518,218,251,5,6,-0.41,0,5.72,156,175,52,326,15.95,62,275,77.45,5,8,12,13.7,2360,9,2540,0.904,100.5,2010,FALSE,FALSE,FALSE
New Jersey Devils,23,29.9,82,38,39,5,81,0.494,174,209,3,2,-0.41,0.02,4.67,134,159,34,237,14.35,40,241,83.4,3,8,9.3,9.5,2344,7.3,2139,0.903,98.1,2010,FALSE,FALSE,FALSE
Columbus Blue Jackets,24,26.8,82,34,35,13,81,0.494,215,258,5,8,-0.45,0.08,5.77,162,163,42,301,13.95,62,314,80.25,6,11,13.6,12.3,2506,8.4,2247,0.9,98.9,2010,FALSE,FALSE,FALSE
Atlanta Thrashers,25,26.1,82,34,36,12,80,0.488,223,269,5,7,-0.57,-0.01,6,159,183,53,289,18.34,64,285,77.54,6,10,11.3,9.6,2581,8.4,2566,0.902,99,2010,FALSE,FALSE,FALSE
Ottawa Senators,26,28.1,82,32,40,10,74,0.451,192,250,2,5,-0.69,0.02,5.39,139,193,45,257,17.51,48,295,83.73,6,4,14,11.8,2381,8,2559,0.904,97.9,2010,FALSE,FALSE,FALSE
New York Islanders,27,26.2,82,30,39,13,73,0.445,229,264,4,6,-0.42,0.01,6.01,158,199,52,302,17.22,52,310,83.23,15,7,18.5,16.2,2408,9.3,2620,0.902,99.2,2010,FALSE,FALSE,FALSE
Florida Panthers,28,28.3,82,30,40,12,72,0.439,195,229,4,7,-0.43,-0.01,5.17,152,167,35,267,13.11,41,267,84.64,4,5,8.7,8.8,2493,7.7,2483,0.916,99.2,2010,FALSE,FALSE,FALSE
Colorado Avalanche,29,25.9,82,30,44,8,68,0.415,227,288,6,1,-0.7,0.05,6.28,164,188,49,265,18.49,75,314,76.11,8,11,13.1,10.6,2394,9.2,2438,0.89,99.4,2010,FALSE,FALSE,FALSE
Edmonton Oilers,30,26.2,82,25,45,12,62,0.378,193,269,2,9,-0.87,0.06,5.63,139,169,44,304,14.47,74,321,76.95,8,2,15.5,13.5,2188,8.7,2359,0.902,98.9,2010,FALSE,FALSE,FALSE
League Average,,27.5,82,41,31,10,92,0.56,229,229,,,0,0,5.59,,,52,291,18.02,52,291,81.98,7,7,12.2,11.7,2492,9.2,2386,0.91,,2010,FALSE,FALSE,FALSE
Washington Capitals,1,27.2,82,54,15,13,121,0.738,318,233,5,6,0.9,-0.14,6.72,230,152,79,313,25.24,67,316,78.8,4,8,11.6,11.2,2693,11.6,2535,0.91,102.7,2009,TRUE,FALSE,FALSE
San Jose Sharks,2,29.3,82,51,20,11,113,0.689,264,215,7,6,0.65,0.05,5.84,184,135,65,309,21.04,49,324,84.88,8,9,14.1,11.5,2602,9.9,2272,0.919,101.3,2009,TRUE,FALSE,FALSE
Chicago Blackhawks,3,26.6,82,52,22,8,112,0.683,271,209,9,6,0.77,0.02,5.85,197,153,52,294,17.69,40,266,84.96,13,4,11.3,11.2,2798,9.4,1982,0.902,99,2009,TRUE,TRUE,FALSE
Phoenix Coyotes,4,28.2,82,50,25,7,107,0.652,225,202,14,6,0.34,0.06,5.21,162,141,46,314,14.65,49,317,84.54,3,6,11.3,10.8,2502,8.4,2427,0.919,100.1,2009,TRUE,FALSE,FALSE
New Jersey Devils,5,30.5,82,48,27,7,103,0.628,222,191,6,5,0.31,-0.07,5.04,158,131,51,272,18.75,41,240,82.92,7,5,10.5,10.3,2459,8.8,1997,0.914,100.2,2009,TRUE,FALSE,FALSE
Vancouver Canucks,6,28.1,82,49,28,5,103,0.628,272,222,4,4,0.6,-0.01,6.02,191,149,68,323,21.05,59,320,81.56,8,6,15.5,14.1,2534,10.6,2306,0.909,101.5,2009,TRUE,FALSE,FALSE
Detroit Red Wings,7,30.3,82,44,24,14,102,0.622,229,216,6,9,0.23,0.07,5.43,156,162,59,307,19.22,43,267,83.9,8,1,8.8,9.6,2737,8.1,2386,0.914,98.9,2009,TRUE,FALSE,FALSE
Los Angeles Kings,8,26.2,82,46,27,9,101,0.616,241,219,10,8,0.32,0.05,5.61,163,131,64,307,20.85,60,304,80.26,4,6,11.9,11.5,2389,9.7,2000,0.907,99.9,2009,TRUE,FALSE,FALSE
Pittsburgh Penguins,9,27.8,82,47,28,7,101,0.616,257,237,8,2,0.17,-0.07,6.02,186,175,56,326,17.18,52,327,84.1,7,8,14.6,14.7,2688,9.3,2350,0.9,99.6,2009,TRUE,FALSE,FALSE
Nashville Predators,10,27.6,82,47,29,6,100,0.61,225,225,8,4,0.06,0.06,5.49,165,153,47,286,16.43,59,258,77.13,5,5,8.7,9.6,2508,8.7,2364,0.909,100,2009,TRUE,FALSE,FALSE
Buffalo Sabres,11,27.8,82,45,27,10,100,0.61,235,207,4,6,0.26,-0.08,5.39,172,149,55,313,17.57,38,284,86.62,4,3,11.2,10.1,2588,8.9,2351,0.923,100.2,2009,TRUE,FALSE,FALSE
Colorado Avalanche,12,26.4,82,43,30,9,95,0.579,244,233,7,5,0.16,0.02,5.82,173,154,56,310,18.06,60,303,80.2,8,9,12.5,13.3,2287,10.4,2553,0.913,101.3,2009,TRUE,FALSE,FALSE
Ottawa Senators,13,27.9,82,44,32,6,94,0.573,225,238,5,5,-0.22,-0.06,5.65,165,174,49,290,16.9,50,318,84.28,5,4,13.9,13.1,2436,9,2302,0.901,98,2009,TRUE,FALSE,FALSE
Boston Bruins,14,28.1,82,39,30,13,91,0.555,206,200,10,9,0.01,-0.06,4.95,146,150,44,265,16.6,37,272,86.4,6,3,11.6,11.6,2599,7.5,2444,0.922,99.4,2009,TRUE,FALSE,FALSE
Calgary Flames,15,28.8,82,40,32,10,90,0.549,204,210,3,7,-0.03,0.04,5.05,150,141,43,268,16.04,54,305,82.3,7,1,13.9,12.4,2350,8.6,2251,0.916,99.8,2009,FALSE,FALSE,FALSE
St. Louis Blues,16,27.9,82,40,32,10,90,0.549,225,223,7,5,0.08,0.06,5.46,159,167,53,308,17.21,45,342,86.84,6,6,16.1,15.6,2445,8.9,2439,0.911,100,2009,FALSE,FALSE,FALSE
Anaheim Ducks,17,27.9,82,39,32,11,89,0.543,238,251,5,8,-0.07,0.09,5.96,162,166,63,300,21,67,323,79.26,8,9,16.1,15.8,2472,9.4,2736,0.911,100.8,2009,FALSE,FALSE,FALSE
Dallas Stars,18,28.3,82,37,31,14,88,0.537,237,254,7,10,-0.12,0.09,5.99,160,167,61,328,18.6,65,288,77.43,8,8,11.7,12.5,2523,9.1,2490,0.904,100,2009,FALSE,FALSE,FALSE
Philadelphia Flyers,19,27.7,82,41,35,6,88,0.537,236,225,4,3,0.08,-0.06,5.62,158,157,68,318,21.38,57,334,82.93,5,7,16.6,15.2,2589,9,2320,0.905,99.5,2009,TRUE,FALSE,TRUE
Montreal Canadiens,20,27.5,82,39,33,10,88,0.537,217,223,7,5,-0.14,-0.07,5.37,149,141,57,261,21.84,53,311,82.96,3,8,11.4,10.1,2345,9,2447,0.921,100.4,2009,TRUE,FALSE,FALSE
New York Rangers,21,26.8,82,38,33,11,87,0.53,222,218,3,4,0,-0.05,5.37,159,158,55,301,18.27,50,318,84.28,5,6,14.1,13.2,2425,9,2450,0.913,100.3,2009,FALSE,FALSE,FALSE
Minnesota Wild,22,28.6,82,38,36,8,84,0.512,219,246,5,7,-0.26,0.07,5.67,151,173,59,309,19.09,53,306,82.68,3,13,11.3,11.2,2266,9.4,2415,0.901,99.9,2009,FALSE,FALSE,FALSE
Atlanta Thrashers,23,27.5,82,35,34,13,83,0.506,234,256,4,6,-0.33,-0.06,5.98,170,189,51,316,16.14,57,320,82.19,9,4,12.8,13,2409,9.5,2716,0.908,100.5,2009,FALSE,FALSE,FALSE
Carolina Hurricanes,24,28.9,82,35,37,10,80,0.488,230,256,4,5,-0.37,-0.05,5.93,163,171,56,329,17.02,62,320,80.63,7,8,11.8,11.3,2402,9.4,2480,0.904,99.6,2009,FALSE,FALSE,FALSE
Tampa Bay Lightning,25,27,82,34,36,12,80,0.488,217,260,4,7,-0.56,-0.03,5.82,148,159,63,326,19.33,67,336,80.06,2,6,16.8,14.3,2367,9,2256,0.901,99.4,2009,FALSE,FALSE,FALSE
New York Islanders,26,28.3,82,34,37,11,79,0.482,222,264,8,6,-0.53,-0.02,5.93,158,182,49,306,16.01,71,300,76.33,7,3,11.6,12,2493,8.6,2592,0.902,99.2,2009,FALSE,FALSE,FALSE
Columbus Blue Jackets,27,26.1,82,32,35,15,79,0.482,216,259,2,10,-0.42,0.11,5.79,152,152,56,308,18.18,61,334,81.74,6,8,13.2,11.5,2338,9.2,2282,0.905,99,2009,FALSE,FALSE,FALSE
Florida Panthers,28,28.1,82,32,37,13,77,0.47,208,244,6,10,-0.47,-0.03,5.51,151,167,44,309,14.24,59,286,79.37,7,8,11.9,12.8,2331,8.7,2800,0.916,100.8,2009,FALSE,FALSE,FALSE
Toronto Maple Leafs,29,27,82,30,38,14,74,0.451,214,267,4,4,-0.68,-0.03,5.87,162,183,44,315,13.97,73,288,74.65,4,6,13.3,13.5,2671,7.9,2440,0.892,98.9,2009,FALSE,FALSE,FALSE
Edmonton Oilers,30,27.1,82,27,47,8,62,0.378,214,284,8,6,-0.76,0.09,6.07,148,185,52,301,17.28,67,305,78.03,6,5,13.8,12.3,2321,8.9,2460,0.899,99.3,2009,FALSE,FALSE,FALSE
League Average,,27.9,82,41,31,10,92,0.561,233,233,,,0,0,5.68,,,56,304,18.23,56,304,81.77,6,6,12.8,12.3,2486,9.4,2395,0.909,,2009,FALSE,FALSE,FALSE
San Jose Sharks,1,28.7,82,53,18,11,117,0.713,257,204,6,5,0.61,-0.04,5.62,152,137,87,360,24.17,51,304,83.22,12,11,12.8,14.1,2720,9.2,2228,0.911,99.3,2008,TRUE,FALSE,FALSE
Boston Bruins,2,28.4,82,53,19,10,116,0.707,274,196,4,6,0.89,-0.06,5.73,188,129,74,313,23.64,54,306,82.35,8,7,12.5,12.8,2482,10.9,2524,0.925,102.5,2008,TRUE,FALSE,FALSE
Detroit Red Wings,3,31.2,82,51,21,10,112,0.683,295,244,6,4,0.62,0,6.57,193,165,90,353,25.5,71,327,78.29,6,4,10,10.9,2965,9.7,2274,0.894,99.6,2008,TRUE,FALSE,TRUE
Washington Capitals,4,27.2,82,50,24,8,108,0.659,272,245,4,5,0.27,-0.06,6.3,176,154,85,337,25.22,75,387,80.62,7,11,12.7,11.4,2747,9.8,2418,0.901,99.5,2008,TRUE,FALSE,FALSE
New Jersey Devils,5,30.3,82,51,27,4,106,0.646,244,209,6,2,0.38,-0.05,5.52,168,138,58,307,18.89,65,324,79.94,12,4,12.9,13.1,2698,8.8,2415,0.914,100.8,2008,TRUE,FALSE,FALSE
Chicago Blackhawks,6,25.9,82,46,24,12,104,0.634,264,216,4,7,0.6,0.01,5.85,180,139,70,363,19.28,64,330,80.61,10,6,14.1,15.2,2683,9.7,2344,0.911,99.8,2008,TRUE,FALSE,FALSE
Vancouver Canucks,7,27.9,82,45,27,10,100,0.61,246,220,3,7,0.3,-0.02,5.68,169,139,67,357,18.77,69,371,81.4,7,5,16.5,16.3,2335,10.4,2392,0.911,101.8,2008,TRUE,FALSE,FALSE
Pittsburgh Penguins,8,26.6,82,45,28,9,99,0.604,264,239,6,6,0.28,-0.02,6.13,189,160,62,360,17.22,60,347,82.71,7,13,13.6,14.2,2381,10.8,2484,0.906,101.6,2008,TRUE,TRUE,FALSE
Philadelphia Flyers,9,27,82,44,27,11,99,0.604,264,238,4,6,0.28,-0.04,6.12,173,164,71,316,22.47,67,393,82.95,16,1,17.5,14.8,2441,10.7,2668,0.913,100.3,2008,TRUE,FALSE,FALSE
Calgary Flames,10,28.9,82,46,30,6,98,0.598,254,248,3,2,0.07,0,6.12,184,173,61,358,17.04,58,349,83.38,6,15,15.8,15.6,2643,9.5,2441,0.899,99.4,2008,TRUE,FALSE,FALSE
Carolina Hurricanes,11,27.9,82,45,30,7,97,0.591,239,226,3,5,0.11,-0.05,5.67,158,153,70,374,18.72,59,301,80.4,8,9,9.8,12.5,2675,8.8,2419,0.909,99.3,2008,TRUE,FALSE,FALSE
New York Rangers,12,27,82,43,30,9,95,0.579,210,218,10,6,-0.1,-0.01,5.22,143,158,48,346,13.87,40,329,87.84,9,14,14.6,14.9,2658,7.5,2433,0.913,98.6,2008,TRUE,FALSE,FALSE
Montreal Canadiens,13,27.6,82,41,30,11,93,0.567,249,247,7,7,0.02,-0.01,6.05,160,164,72,374,19.25,65,370,82.43,10,11,15,15.8,2461,9.8,2600,0.908,100.4,2008,TRUE,FALSE,FALSE
Florida Panthers,14,28.6,82,41,30,11,93,0.567,234,231,3,8,0,-0.04,5.67,173,160,51,308,16.56,54,311,82.64,7,9,11,11.3,2411,9.6,2843,0.922,101.5,2008,FALSE,FALSE,FALSE
Columbus Blue Jackets,15,25.8,82,41,31,10,92,0.561,226,230,6,7,-0.01,0.04,5.56,171,149,41,322,12.73,62,346,82.08,8,12,15,14.1,2370,9.3,2281,0.902,100.3,2008,TRUE,FALSE,FALSE
St. Louis Blues,16,27.1,82,41,31,10,92,0.561,233,233,6,6,0.05,0.05,5.68,145,161,72,351,20.51,58,357,83.75,10,8,15.2,15.4,2271,10,2341,0.903,99.7,2008,TRUE,FALSE,FALSE
Buffalo Sabres,17,28.1,82,41,32,9,91,0.555,250,234,8,5,0.18,-0.02,5.9,160,163,75,358,20.95,61,336,81.85,7,5,13.7,14.6,2505,9.7,2575,0.911,100.4,2008,FALSE,FALSE,FALSE
Anaheim Ducks,18,29.2,82,42,33,7,91,0.555,245,238,7,3,0.09,0,5.89,159,149,73,309,23.62,78,385,79.74,6,8,17.4,15.4,2481,9.6,2499,0.906,100.7,2008,TRUE,FALSE,FALSE
Minnesota Wild,19,27.7,82,40,33,9,89,0.543,219,200,5,3,0.22,-0.02,5.11,139,155,66,328,20.12,36,291,87.63,9,6,10.8,11.7,2257,9.5,2518,0.922,100.1,2008,FALSE,FALSE,FALSE
Nashville Predators,20,27.6,82,40,34,8,88,0.537,213,233,6,5,-0.19,0.06,5.44,148,161,50,318,15.72,59,338,82.54,9,8,12.1,11.8,2375,8.7,2411,0.905,100,2008,FALSE,FALSE,FALSE
Edmonton Oilers,21,28.8,82,38,35,9,85,0.518,234,248,6,4,-0.16,0.01,5.88,165,160,60,354,16.95,76,338,77.51,3,8,15.2,15.4,2303,9.9,2668,0.909,101.1,2008,FALSE,FALSE,FALSE
Dallas Stars,22,28.5,82,36,35,11,83,0.506,230,257,6,6,-0.3,0.03,5.94,168,177,54,351,15.38,70,327,78.59,2,4,14,15,2369,9.5,2303,0.891,99.6,2008,FALSE,FALSE,FALSE
Ottawa Senators,23,27.9,82,36,35,11,83,0.506,217,237,4,6,-0.23,0.01,5.54,139,162,66,339,19.47,64,346,81.5,8,5,13.4,13.1,2405,8.9,2336,0.901,99.1,2008,FALSE,FALSE,FALSE
Toronto Maple Leafs,24,28,82,34,35,13,81,0.494,250,293,6,7,-0.49,0.03,6.62,176,201,62,330,18.79,78,308,74.68,6,7,13.7,14.4,2603,9.4,2480,0.885,98.9,2008,FALSE,FALSE,FALSE
Phoenix Coyotes,25,26.6,82,36,39,7,79,0.482,208,252,3,3,-0.5,0.04,5.61,150,177,50,341,14.66,68,293,76.79,5,4,13.3,15,2302,8.9,2591,0.904,99.7,2008,FALSE,FALSE,FALSE
Los Angeles Kings,26,25.5,82,34,37,11,79,0.482,207,234,5,8,-0.29,0.04,5.38,129,156,69,360,19.17,62,361,82.83,4,8,14.7,13.7,2383,8.5,2301,0.902,98.8,2008,FALSE,FALSE,FALSE
Atlanta Thrashers,27,27.9,82,35,41,6,76,0.463,257,280,7,1,-0.3,-0.02,6.55,168,181,69,357,19.33,88,366,75.96,13,10,15.3,14.6,2306,10.8,2683,0.896,100.7,2008,FALSE,FALSE,FALSE
Colorado Avalanche,28,28.6,82,32,45,5,69,0.421,199,257,9,4,-0.66,0.05,5.56,136,181,50,318,15.72,64,318,79.87,4,8,13,12.6,2359,8.1,2376,0.894,98,2008,FALSE,FALSE,FALSE
Tampa Bay Lightning,29,27.4,82,24,40,18,66,0.402,210,279,3,10,-0.81,0.03,5.96,142,171,61,343,17.78,89,405,78.02,4,9,15.9,13.4,2337,8.9,2701,0.9,99.8,2008,FALSE,FALSE,FALSE
New York Islanders,30,27.7,82,26,47,9,61,0.372,201,279,3,5,-0.91,0.05,5.85,132,196,54,320,16.88,73,361,79.78,12,5,14.8,13.1,2372,8.3,2751,0.9,98.4,2008,FALSE,FALSE,FALSE
League Average,,27.9,82,41,32,9,91,0.557,239,239,,,0,0,5.83,,,65,341,18.95,65,341,81.05,8,8,13.9,13.9,2477,9.6,2477,0.906,,2008,FALSE,FALSE,FALSE
Detroit Red Wings,1,32.1,82,54,21,7,115,0.701,257,184,5,5,0.93,0.04,5.38,166,115,81,391,20.72,57,357,84.03,5,7,11.4,12.7,2820,8.9,1930,0.907,100,2007,TRUE,TRUE,FALSE
San Jose Sharks,2,27.7,82,49,23,10,108,0.659,222,193,6,6,0.47,0.12,5.06,139,134,70,374,18.72,44,310,85.81,7,9,13.1,15.7,2428,8.9,1981,0.906,99.1,2007,TRUE,FALSE,FALSE
Montreal Canadiens,3,27.6,82,47,25,10,104,0.634,262,222,5,6,0.35,-0.14,5.9,159,151,90,374,24.06,60,342,82.46,8,3,13.3,14.1,2382,10.8,2589,0.917,101.3,2007,TRUE,FALSE,FALSE
Pittsburgh Penguins,4,26.9,82,47,27,8,102,0.622,247,216,7,4,0.24,-0.14,5.65,157,134,77,378,20.37,68,357,80.95,6,10,14.4,15.1,2268,10.6,2523,0.916,101.9,2007,TRUE,FALSE,TRUE
Anaheim Ducks,5,29.7,82,47,27,8,102,0.622,205,191,8,7,0.3,0.13,4.83,129,108,60,361,16.62,69,408,83.09,8,7,18.1,16.9,2241,8.8,2299,0.92,100.8,2007,TRUE,FALSE,FALSE
New Jersey Devils,6,29.2,82,46,29,7,99,0.604,206,197,8,4,0,-0.11,4.91,142,133,50,320,15.63,54,314,82.8,6,7,11.9,12,2362,8.4,2257,0.914,99.7,2007,TRUE,FALSE,FALSE
Minnesota Wild,7,27.7,82,44,28,10,98,0.598,223,218,3,8,0.16,0.1,5.38,153,151,64,338,18.93,49,330,85.15,3,10,13.4,14.1,2218,9.9,2469,0.915,100.7,2007,TRUE,FALSE,FALSE
New York Rangers,8,27.4,82,42,27,13,97,0.591,213,199,8,9,0.05,-0.12,5.02,140,130,61,370,16.49,53,343,84.55,4,6,14.1,14.3,2579,7.9,2124,0.911,99.8,2007,TRUE,FALSE,FALSE
Dallas Stars,9,29,82,45,30,7,97,0.591,242,207,5,3,0.54,0.11,5.48,160,145,64,354,18.08,51,354,85.59,13,8,14.3,14.6,2187,10.8,2137,0.905,100.3,2007,TRUE,FALSE,FALSE
Philadelphia Flyers,10,28.1,82,42,29,11,95,0.579,248,233,3,6,0.06,-0.12,5.87,148,156,84,385,21.82,65,388,83.25,13,6,17.9,17.3,2358,10.4,2609,0.913,100.4,2007,TRUE,FALSE,FALSE
Colorado Avalanche,11,28.5,82,44,31,7,95,0.579,231,219,7,3,0.24,0.09,5.49,173,155,49,335,14.63,56,301,81.4,2,5,12.1,12.9,2349,9.5,2237,0.903,100.7,2007,TRUE,FALSE,FALSE
Ottawa Senators,12,28.5,82,43,31,8,94,0.573,261,247,3,5,0.06,-0.11,6.2,180,164,60,328,18.29,72,380,81.05,18,6,14.3,13.3,2471,10.4,2456,0.901,100.5,2007,TRUE,FALSE,FALSE
Boston Bruins,13,28.1,82,41,29,12,94,0.573,212,222,6,7,-0.2,-0.08,5.29,141,138,56,319,17.55,71,332,78.61,9,6,13,12.9,2339,8.8,2495,0.914,100.4,2007,TRUE,FALSE,FALSE
Calgary Flames,14,29.5,82,42,30,10,94,0.573,229,227,3,3,0.13,0.1,5.56,158,144,59,352,16.76,72,389,81.49,9,8,16.4,15.3,2316,9.8,2335,0.904,100.6,2007,TRUE,FALSE,FALSE
Washington Capitals,15,27.3,82,43,31,8,94,0.573,242,231,4,4,-0.06,-0.19,5.77,168,151,65,346,18.79,68,349,80.52,5,8,11.9,11.9,2538,9.4,2259,0.9,99.3,2007,TRUE,FALSE,FALSE
Carolina Hurricanes,16,29.3,82,43,33,6,92,0.561,252,249,2,3,-0.15,-0.18,6.11,167,158,79,420,18.81,75,355,78.87,4,13,14.4,16.6,2669,9.4,2368,0.896,99.7,2007,FALSE,FALSE,FALSE
Nashville Predators,17,28.1,82,41,32,9,91,0.555,230,229,3,5,0.13,0.12,5.6,167,165,53,358,14.8,49,335,85.37,7,10,12.5,13.4,2425,9.4,2440,0.908,100.2,2007,TRUE,FALSE,FALSE
Buffalo Sabres,18,26.8,82,39,31,12,90,0.549,255,242,4,9,0.05,-0.11,6.06,176,168,66,366,18.03,56,333,83.18,9,8,12.2,13.5,2478,10.1,2326,0.9,100.3,2007,FALSE,FALSE,FALSE
Vancouver Canucks,19,28.1,82,39,33,10,88,0.537,213,215,6,9,0.08,0.11,5.22,136,135,63,369,17.07,64,368,82.61,8,7,18,18.6,2252,9.2,2367,0.913,100.4,2007,FALSE,FALSE,FALSE
Chicago Blackhawks,20,26.8,82,40,34,8,88,0.537,239,235,5,4,0.16,0.12,5.78,159,156,58,365,15.89,69,385,82.08,17,6,16.9,16.1,2298,10.2,2346,0.902,100.6,2007,FALSE,FALSE,FALSE
Edmonton Oilers,21,27.1,82,41,35,6,88,0.537,235,251,15,4,-0.07,0.12,5.93,156,181,57,344,16.57,56,366,84.7,7,10,14.3,13.8,2156,10.2,2573,0.904,99.9,2007,FALSE,FALSE,FALSE
Florida Panthers,22,28.1,82,38,35,9,85,0.518,216,226,5,6,-0.29,-0.17,5.39,147,151,60,313,19.17,66,374,82.35,4,3,12.5,11.8,2549,8.3,2752,0.92,100.3,2007,FALSE,FALSE,FALSE
Phoenix Coyotes,23,26.5,82,38,37,7,83,0.506,214,231,5,6,-0.04,0.17,5.43,135,149,63,339,18.58,64,332,80.72,11,12,14.5,13.6,2500,8.4,2518,0.911,99.5,2007,FALSE,FALSE,FALSE
Toronto Maple Leafs,24,28.4,82,36,35,11,83,0.506,231,260,3,4,-0.42,-0.06,5.99,163,169,61,343,17.78,77,352,78.13,4,10,13.3,12.4,2542,9,2402,0.893,98.9,2007,FALSE,FALSE,FALSE
Columbus Blue Jackets,25,27.2,82,34,36,12,80,0.488,193,218,3,8,-0.16,0.15,5.01,129,142,53,356,14.89,63,378,83.33,8,5,16.2,15.2,2381,8,2249,0.907,98.7,2007,FALSE,FALSE,FALSE
St. Louis Blues,26,28.4,82,33,36,13,79,0.482,205,237,3,5,-0.24,0.16,5.39,152,163,47,334,14.07,56,359,84.4,3,13,14.1,13.6,2141,9.4,2249,0.897,99.9,2007,FALSE,FALSE,FALSE
New York Islanders,27,28.3,82,35,38,9,79,0.482,194,243,5,3,-0.65,-0.05,5.33,131,157,48,330,14.55,68,375,81.87,10,15,12.7,11.7,2431,7.8,2488,0.904,99.1,2007,FALSE,FALSE,FALSE
Atlanta Thrashers,28,29.3,82,34,40,8,76,0.463,216,272,9,6,-0.8,-0.12,5.95,142,181,52,316,16.46,75,354,78.81,13,10,13.1,11.4,2115,9.8,2782,0.904,100,2007,FALSE,FALSE,FALSE
Los Angeles Kings,29,27.7,82,32,43,7,71,0.433,231,266,5,3,-0.24,0.19,6.06,151,191,64,367,17.44,68,309,77.99,11,4,11.6,12.7,2349,9.6,2625,0.9,99.5,2007,FALSE,FALSE,FALSE
Tampa Bay Lightning,30,27.9,82,31,42,9,71,0.433,223,267,2,1,-0.67,-0.13,5.98,157,203,57,296,19.26,56,312,82.05,7,7,12.7,11,2354,9.4,2311,0.885,98,2007,FALSE,FALSE,FALSE
League Average,,28.2,82,41,32,9,91,0.555,228,228,,,0,0,5.57,,,62,351,17.75,62,351,82.25,8,8,14,14,2383,9.6,2383,0.906,,2007,FALSE,FALSE,FALSE
Detroit Red Wings,1,32.3,82,50,19,13,113,0.689,254,199,2,8,0.72,0.05,5.52,172,117,68,401,16.96,63,408,84.56,12,11,12,12.4,2771,9.1,2020,0.905,99.6,2006,TRUE,FALSE,FALSE
Buffalo Sabres,2,27.2,82,53,22,7,113,0.689,308,242,10,4,0.64,-0.16,6.71,219,153,71,407,17.44,72,386,81.35,8,13,14.6,15.3,2417,12.3,2541,0.906,102.9,2006,TRUE,FALSE,FALSE
Anaheim Ducks,3,28.5,82,48,20,14,110,0.671,258,208,4,10,0.67,0.06,5.68,161,133,89,398,22.36,61,410,85.12,4,4,17.8,17.8,2582,9.8,2248,0.912,101,2006,TRUE,TRUE,FALSE
Nashville Predators,4,27.4,82,51,23,8,110,0.671,272,212,6,5,0.78,0.05,5.9,187,150,71,408,17.4,55,390,85.9,8,2,14.4,15.7,2261,11.8,2561,0.919,103.7,2006,TRUE,FALSE,FALSE
Dallas Stars,5,30,82,50,25,7,107,0.652,226,197,9,4,0.44,0.08,5.16,135,129,79,427,18.5,59,377,84.35,3,6,13.8,14.9,2295,9.5,2114,0.908,100.3,2006,TRUE,FALSE,FALSE
New Jersey Devils,6,29.4,82,49,24,9,107,0.652,216,201,10,8,0.03,-0.15,5.09,137,142,65,367,17.71,40,271,85.24,4,11,10.1,12.3,2354,8.8,2332,0.917,100.5,2006,TRUE,FALSE,FALSE
San Jose Sharks,7,26.4,82,51,26,5,107,0.652,258,199,2,2,0.77,0.05,5.57,157,138,92,410,22.44,55,330,83.33,7,4,11.6,14.2,2346,10.9,2148,0.908,101.7,2006,TRUE,FALSE,FALSE
Ottawa Senators,8,26.6,82,48,25,9,105,0.64,288,222,2,6,0.64,-0.16,6.22,197,143,72,403,17.87,61,394,84.52,17,12,14.3,14.6,2651,10.8,2479,0.913,102.1,2006,TRUE,FALSE,TRUE
Pittsburgh Penguins,9,26,82,47,24,11,105,0.64,277,246,10,6,0.21,-0.17,6.38,159,152,94,463,20.3,75,419,82.1,14,13,15.2,16.9,2366,11.3,2529,0.905,101.8,2006,TRUE,FALSE,FALSE
Vancouver Canucks,10,28,82,49,26,7,105,0.64,222,201,5,4,0.39,0.13,5.16,142,132,70,407,17.2,57,436,86.93,5,8,14.7,14.2,2405,9,2398,0.918,100.8,2006,TRUE,FALSE,FALSE
Minnesota Wild,11,28.2,82,48,26,8,104,0.634,235,191,10,7,0.65,0.11,5.2,144,128,72,380,18.95,48,342,85.96,9,8,10.5,11.6,2431,9.3,2361,0.922,101.5,2006,TRUE,FALSE,FALSE
Atlanta Thrashers,12,29.4,82,43,28,11,97,0.591,246,245,7,4,-0.15,-0.16,5.99,163,152,67,407,16.46,79,391,79.8,9,10,13.4,14,2438,9.8,2582,0.907,100.5,2006,TRUE,FALSE,FALSE
Calgary Flames,13,28.4,82,43,29,10,96,0.585,258,226,3,5,0.51,0.12,5.9,167,135,73,401,18.2,81,414,80.43,15,5,14.7,14.3,2242,11.4,2502,0.912,102.6,2006,TRUE,FALSE,FALSE
Colorado Avalanche,14,28.4,82,44,31,7,95,0.579,272,251,5,4,0.39,0.13,6.38,181,168,79,374,21.12,70,353,80.17,7,9,10.8,11.6,2603,10.3,2378,0.896,99.9,2006,FALSE,FALSE,FALSE
New York Rangers,15,28.6,82,42,30,10,94,0.573,242,216,9,5,0.16,-0.16,5.59,147,140,75,406,18.47,65,400,83.75,11,6,13.5,14.3,2586,9,2329,0.909,99.9,2006,TRUE,FALSE,FALSE
Tampa Bay Lightning,16,28.2,82,44,33,5,93,0.567,253,261,10,2,-0.25,-0.15,6.27,160,182,69,374,18.45,66,305,78.36,14,11,10.9,12.9,2418,10,2234,0.884,98.4,2006,TRUE,FALSE,FALSE
New York Islanders,17,29.7,82,40,30,12,92,0.561,248,240,8,5,-0.04,-0.14,5.95,170,147,63,348,18.1,79,433,81.76,7,9,13,11.1,2457,9.8,2671,0.912,101,2006,TRUE,FALSE,FALSE
Toronto Maple Leafs,18,27.8,82,40,31,11,91,0.555,258,269,4,7,-0.21,-0.08,6.43,180,161,71,401,17.71,90,418,78.47,3,11,13.9,13.2,2681,9.5,2330,0.888,98.3,2006,FALSE,FALSE,FALSE
Montreal Canadiens,19,28,82,42,34,6,90,0.549,245,256,6,5,-0.21,-0.08,6.11,136,176,86,378,22.75,69,419,83.53,17,6,13.8,13.1,2426,9.9,2685,0.907,100.6,2006,FALSE,FALSE,FALSE
Carolina Hurricanes,20,28.2,82,40,34,8,88,0.537,241,253,0,5,-0.29,-0.15,6.02,162,179,67,447,14.99,61,395,84.56,12,8,12.5,14.1,2559,9.4,2336,0.894,98.8,2006,FALSE,FALSE,FALSE
Florida Panthers,21,29.1,82,35,31,16,86,0.524,247,257,2,8,-0.27,-0.15,6.15,179,165,61,337,18.1,78,443,82.39,5,6,14.4,11.4,2730,9,2402,0.896,98.6,2006,FALSE,FALSE,FALSE
St. Louis Blues,22,28.9,82,34,35,13,81,0.494,214,254,6,6,-0.33,0.15,5.71,155,155,46,381,12.07,83,414,79.95,7,10,14.9,13.4,2202,9.4,2369,0.895,98.9,2006,FALSE,FALSE,FALSE
Boston Bruins,23,27.8,82,35,41,6,76,0.463,219,289,9,4,-0.87,-0.01,6.2,131,186,71,412,17.23,81,442,81.67,8,18,15.3,14.5,2370,8.9,2748,0.896,98.5,2006,FALSE,FALSE,FALSE
Columbus Blue Jackets,24,27.8,82,33,42,7,73,0.445,201,249,5,5,-0.42,0.16,5.49,125,149,65,438,14.84,85,453,81.24,6,10,16.5,16,2273,8.6,2345,0.896,98.2,2006,FALSE,FALSE,FALSE
Chicago Blackhawks,25,27.5,82,31,42,9,71,0.433,201,258,6,7,-0.52,0.17,5.6,140,168,43,364,11.81,77,443,82.62,12,6,16.2,13.7,2201,8.9,2408,0.896,98.5,2006,FALSE,FALSE,FALSE
Edmonton Oilers,26,28.2,82,32,43,7,71,0.433,195,248,3,3,-0.43,0.22,5.4,133,182,53,373,14.21,59,382,84.55,6,4,15.7,14.6,2193,8.8,2439,0.9,98.8,2006,FALSE,FALSE,FALSE
Washington Capitals,27,26.9,82,28,40,14,70,0.427,235,286,1,11,-0.73,-0.1,6.35,155,180,67,408,16.42,82,414,80.19,12,14,15,15.1,2295,10.2,2734,0.899,100.1,2006,FALSE,FALSE,FALSE
Los Angeles Kings,28,29.2,82,27,41,14,68,0.415,227,283,4,6,-0.51,0.18,6.22,136,180,81,442,18.33,91,411,77.86,6,6,15.1,16.2,2542,8.8,2440,0.886,97.4,2006,FALSE,FALSE,FALSE
Phoenix Coyotes,29,28.8,82,31,46,5,67,0.409,216,284,5,2,-0.64,0.19,6.1,140,177,66,400,16.5,92,425,78.35,5,13,17.6,15.3,2320,9.1,2470,0.886,97.7,2006,FALSE,FALSE,FALSE
Philadelphia Flyers,30,27.3,82,22,48,12,56,0.341,214,303,1,6,-1.12,-0.04,6.3,145,218,53,376,14.1,65,420,84.52,15,14,15.9,13.6,2360,9,2673,0.889,97.9,2006,FALSE,FALSE,FALSE
League Average,,28.3,82,41,32,9,91,0.557,242,242,,,0,0,5.89,,,70,398,17.58,70,398,82.42,9,9,14.1,14.1,2426,10,2427,0.903,,2006,FALSE,FALSE,FALSE
Carolina Hurricanes,3,29.2,82,52,22,8,112,0.683,294,260,8,2,0.29,-0.13,6.76,174,163,95,531,17.89,81,445,81.8,17,13,13.5,16.2,2553,11.2,2497,0.897,100.9,2005,TRUE,TRUE,FALSE
Detroit Red Wings,1,32.1,82,58,16,8,124,0.756,305,209,4,3,1.03,-0.14,6.27,192,128,102,461,22.13,67,461,85.47,7,10,13.5,13.1,2796,10.8,2180,0.906,101.4,2005,TRUE,FALSE,FALSE
Ottawa Senators,2,27.3,82,52,21,9,113,0.689,314,211,2,6,1.18,-0.08,6.4,185,121,102,490,20.82,73,476,84.66,25,11,17.6,17.7,2811,11.1,2344,0.913,102.4,2005,TRUE,FALSE,FALSE
Dallas Stars,4,29.7,82,53,23,6,112,0.683,265,218,12,1,0.61,0.04,5.89,155,128,88,498,17.67,82,504,83.73,10,7,18.1,17,2333,10.8,2099,0.897,100.5,2005,TRUE,FALSE,FALSE
Buffalo Sabres,5,26.9,82,52,24,6,110,0.671,281,239,5,5,0.5,-0.01,6.34,165,158,101,477,21.17,59,439,86.56,10,17,14,15.2,2510,11,2502,0.906,101.6,2005,TRUE,FALSE,FALSE
Nashville Predators,6,27.6,82,49,25,8,106,0.646,259,227,6,3,0.32,-0.07,5.93,146,129,94,512,18.36,82,533,84.62,12,13,18.5,18,2379,10.6,2661,0.916,102.2,2005,TRUE,FALSE,FALSE
Calgary Flames,7,28,82,46,25,11,103,0.628,218,200,2,7,0.3,0.08,5.1,121,107,87,478,18.2,80,508,84.25,8,7,17.9,16.5,2299,9.4,2260,0.915,100.9,2005,TRUE,FALSE,FALSE
Philadelphia Flyers,8,28.2,82,45,26,11,101,0.616,267,259,4,6,0,-0.1,6.41,164,150,80,444,18.02,97,465,79.14,19,6,14.5,14,2552,10.3,2370,0.893,99.6,2005,TRUE,FALSE,FALSE
New Jersey Devils,9,30,82,46,27,9,101,0.616,242,229,9,4,0.05,-0.11,5.74,152,156,78,441,17.69,63,349,81.95,3,6,11.5,14.2,2393,9.7,2403,0.906,100.3,2005,TRUE,FALSE,FALSE
New York Rangers,10,28.2,82,44,26,12,100,0.61,257,215,7,4,0.38,-0.14,5.76,163,123,83,442,18.78,79,486,83.74,4,9,14.4,13.7,2448,10.2,2358,0.911,101.3,2005,TRUE,FALSE,FALSE
San Jose Sharks,11,26.5,82,44,27,11,99,0.604,266,242,1,7,0.36,0.06,6.2,164,147,91,500,18.2,77,399,80.7,10,11,12.7,14.9,2483,10.7,2180,0.892,99.9,2005,TRUE,FALSE,FALSE
Mighty Ducks of Anaheim,12,28.2,82,43,27,12,98,0.598,254,229,3,7,0.37,0.06,5.89,155,125,87,480,18.13,84,510,83.53,9,13,17.6,17,2585,9.7,2431,0.909,100.6,2005,TRUE,FALSE,FALSE
Colorado Avalanche,13,29.6,82,43,30,9,95,0.579,283,257,3,6,0.39,0.07,6.59,180,170,89,473,18.82,69,448,84.6,11,12,14,15.4,2464,11.4,2415,0.896,101,2005,TRUE,FALSE,FALSE
Edmonton Oilers,14,28.7,82,41,28,13,95,0.579,256,251,7,9,0.15,0.09,6.18,146,161,88,485,18.14,76,478,84.1,15,5,14.4,15.5,2442,10.2,2094,0.884,98.6,2005,TRUE,FALSE,TRUE
Montreal Canadiens,15,27.9,82,42,31,9,93,0.567,243,247,2,3,-0.01,0.04,5.98,142,147,89,463,19.22,91,481,81.08,10,6,16,15,2470,9.8,2507,0.903,100.1,2005,TRUE,FALSE,FALSE
Vancouver Canucks,16,27.9,82,42,32,8,92,0.561,256,255,4,4,0.11,0.1,6.23,150,148,96,526,18.25,93,512,81.84,6,10,17.9,17.9,2358,10.7,2466,0.898,100.5,2005,FALSE,FALSE,FALSE
Tampa Bay Lightning,17,29.3,82,43,33,6,92,0.561,252,260,6,4,-0.18,-0.08,6.24,154,173,81,485,16.7,72,391,81.59,11,11,11.5,13.7,2594,9.5,2260,0.887,98.2,2005,TRUE,FALSE,FALSE
Toronto Maple Leafs,18,29.4,82,41,33,8,90,0.549,257,270,3,7,-0.11,0.05,6.43,133,152,107,501,21.36,99,496,80.04,14,12,16.8,16.9,2323,10.9,2509,0.895,100.4,2005,FALSE,FALSE,FALSE
Atlanta Thrashers,19,28.9,82,41,33,8,90,0.549,281,275,5,5,-0.03,-0.1,6.78,163,158,100,527,18.98,102,492,79.27,13,10,16.1,17.4,2522,10.9,2483,0.891,100,2005,FALSE,FALSE,FALSE
Los Angeles Kings,20,28.6,82,42,35,5,89,0.543,249,270,6,1,-0.15,0.11,6.33,151,153,77,541,14.23,104,489,78.73,15,12,17.6,20.4,2394,10.2,2459,0.891,99.3,2005,FALSE,FALSE,FALSE
Florida Panthers,21,27.6,82,37,34,11,85,0.518,240,257,4,5,-0.28,-0.07,6.06,168,149,63,411,15.33,91,514,82.3,5,12,15.3,13,2724,8.7,2853,0.912,99.9,2005,FALSE,FALSE,FALSE
Minnesota Wild,22,27.7,82,38,36,8,84,0.512,231,215,5,3,0.28,0.08,5.44,138,150,77,454,16.96,55,436,87.39,11,7,14.5,15.4,2194,10.3,2460,0.914,101.7,2005,FALSE,FALSE,FALSE
Phoenix Coyotes,23,28.4,82,38,39,5,81,0.494,246,271,4,3,-0.19,0.12,6.3,137,159,96,541,17.74,98,513,80.9,9,11,18.2,18,2318,10.4,2479,0.892,99.6,2005,FALSE,FALSE,FALSE
New York Islanders,24,27.7,82,36,40,6,78,0.476,230,278,9,3,-0.62,-0.04,6.2,140,161,76,450,16.89,99,476,79.2,5,15,15.2,14,2481,8.9,2549,0.892,98.1,2005,FALSE,FALSE,FALSE
Columbus Blue Jackets,25,27.4,82,35,43,4,74,0.451,223,279,8,3,-0.66,0.02,6.12,141,173,64,451,14.19,95,523,81.84,10,8,17,15.4,2250,9.6,2762,0.9,99.6,2005,FALSE,FALSE,FALSE
Boston Bruins,26,28,82,29,37,16,74,0.451,230,266,2,8,-0.36,0.08,6.05,157,170,62,418,14.83,78,479,83.72,9,10,14.2,12.8,2511,9.1,2633,0.902,99.3,2005,FALSE,FALSE,FALSE
Washington Capitals,27,27.6,82,29,41,12,70,0.427,237,306,7,6,-0.86,-0.02,6.62,143,166,72,490,14.69,116,550,78.91,15,18,18,16.3,2445,9.4,2880,0.896,99,2005,FALSE,FALSE,FALSE
Chicago Blackhawks,28,26.8,82,26,43,13,65,0.396,211,285,2,6,-0.86,0.04,6.05,152,179,51,417,12.23,88,547,83.91,6,12,18.5,15.2,2480,8.4,2417,0.885,96.9,2005,FALSE,FALSE,FALSE
Pittsburgh Penguins,29,26.8,82,22,46,14,58,0.354,244,316,1,6,-0.89,-0.01,6.83,136,181,94,495,18.99,113,533,78.8,13,16,18.8,16.7,2297,10.6,2723,0.886,99.2,2005,FALSE,FALSE,FALSE
St. Louis Blues,30,29,82,21,46,15,57,0.348,197,292,4,8,-1.09,0.07,5.96,112,194,75,512,14.65,82,461,82.21,6,8,16.5,17.5,2335,8.3,2510,0.887,97,2005,FALSE,FALSE,FALSE
League Average,,28.3,82,41,32,9,91,0.557,253,253,,,0,0,6.17,,,85,480,17.68,85,480,82.32,11,11,15.8,15.8,2458,10.3,2458,0.899,,2005,FALSE,FALSE,FALSE
